ISO-10303-21;
HEADER;
/* Generated by software containing ST-Developer
 * from STEP Tools, Inc. (www.steptools.com) 
 */

FILE_DESCRIPTION(
/* description */ (''),
/* implementation_level */ '2;1');

FILE_NAME(
/* name */ 'PCB_TOP.step',
/* time_stamp */ '2026-02-26T16:12:37+05:30',
/* author */ (''),
/* organization */ (''),
/* preprocessor_version */ 'ST-DEVELOPER v20.1',
/* originating_system */ 'Autodesk Translation Framework v14.24.0.0',
/* authorisation */ '');

FILE_SCHEMA (('AUTOMOTIVE_DESIGN { 1 0 10303 214 3 1 1 }'));
ENDSEC;

DATA;
#10=MECHANICAL_DESIGN_GEOMETRIC_PRESENTATION_REPRESENTATION('',(#13),#3535);
#11=SHAPE_REPRESENTATION_RELATIONSHIP('SRR','None',#3542,#12);
#12=ADVANCED_BREP_SHAPE_REPRESENTATION('',(#14),#3534);
#13=STYLED_ITEM('',(#3551),#14);
#14=MANIFOLD_SOLID_BREP('Body1',#1259);
#15=FACE_BOUND('',#200,.T.);
#16=FACE_BOUND('',#201,.T.);
#17=FACE_BOUND('',#202,.T.);
#18=FACE_BOUND('',#203,.T.);
#19=FACE_BOUND('',#204,.T.);
#20=FACE_BOUND('',#205,.T.);
#21=FACE_BOUND('',#206,.T.);
#22=FACE_BOUND('',#207,.T.);
#23=FACE_BOUND('',#208,.T.);
#24=FACE_BOUND('',#209,.T.);
#25=FACE_BOUND('',#210,.T.);
#26=FACE_BOUND('',#211,.T.);
#27=FACE_BOUND('',#212,.T.);
#28=FACE_BOUND('',#213,.T.);
#29=FACE_BOUND('',#215,.T.);
#30=FACE_BOUND('',#216,.T.);
#31=FACE_BOUND('',#217,.T.);
#32=FACE_BOUND('',#218,.T.);
#33=FACE_BOUND('',#219,.T.);
#34=FACE_BOUND('',#220,.T.);
#35=FACE_BOUND('',#221,.T.);
#36=FACE_BOUND('',#222,.T.);
#37=FACE_BOUND('',#223,.T.);
#38=FACE_BOUND('',#224,.T.);
#39=FACE_BOUND('',#225,.T.);
#40=FACE_BOUND('',#226,.T.);
#41=FACE_BOUND('',#227,.T.);
#42=FACE_BOUND('',#228,.T.);
#43=CIRCLE('',#1290,1.7);
#44=CIRCLE('',#1291,1.7);
#45=CIRCLE('',#1293,1.7);
#46=CIRCLE('',#1294,1.7);
#47=CIRCLE('',#1296,1.7);
#48=CIRCLE('',#1297,1.7);
#49=CIRCLE('',#1299,1.70000000000001);
#50=CIRCLE('',#1300,1.70000000000001);
#51=CYLINDRICAL_SURFACE('',#1289,1.7);
#52=CYLINDRICAL_SURFACE('',#1292,1.7);
#53=CYLINDRICAL_SURFACE('',#1295,1.7);
#54=CYLINDRICAL_SURFACE('',#1298,1.70000000000001);
#55=PLANE('',#1273);
#56=PLANE('',#1274);
#57=PLANE('',#1275);
#58=PLANE('',#1276);
#59=PLANE('',#1277);
#60=PLANE('',#1278);
#61=PLANE('',#1279);
#62=PLANE('',#1280);
#63=PLANE('',#1281);
#64=PLANE('',#1282);
#65=PLANE('',#1283);
#66=PLANE('',#1284);
#67=PLANE('',#1285);
#68=PLANE('',#1286);
#69=PLANE('',#1287);
#70=PLANE('',#1288);
#71=PLANE('',#1301);
#72=PLANE('',#1302);
#73=PLANE('',#1303);
#74=PLANE('',#1304);
#75=PLANE('',#1305);
#76=PLANE('',#1306);
#77=FACE_OUTER_BOUND('',#139,.T.);
#78=FACE_OUTER_BOUND('',#140,.T.);
#79=FACE_OUTER_BOUND('',#141,.T.);
#80=FACE_OUTER_BOUND('',#142,.T.);
#81=FACE_OUTER_BOUND('',#143,.T.);
#82=FACE_OUTER_BOUND('',#144,.T.);
#83=FACE_OUTER_BOUND('',#145,.T.);
#84=FACE_OUTER_BOUND('',#146,.T.);
#85=FACE_OUTER_BOUND('',#147,.T.);
#86=FACE_OUTER_BOUND('',#148,.T.);
#87=FACE_OUTER_BOUND('',#149,.T.);
#88=FACE_OUTER_BOUND('',#150,.T.);
#89=FACE_OUTER_BOUND('',#151,.T.);
#90=FACE_OUTER_BOUND('',#152,.T.);
#91=FACE_OUTER_BOUND('',#153,.T.);
#92=FACE_OUTER_BOUND('',#154,.T.);
#93=FACE_OUTER_BOUND('',#155,.T.);
#94=FACE_OUTER_BOUND('',#156,.T.);
#95=FACE_OUTER_BOUND('',#157,.T.);
#96=FACE_OUTER_BOUND('',#158,.T.);
#97=FACE_OUTER_BOUND('',#159,.T.);
#98=FACE_OUTER_BOUND('',#160,.T.);
#99=FACE_OUTER_BOUND('',#161,.T.);
#100=FACE_OUTER_BOUND('',#162,.T.);
#101=FACE_OUTER_BOUND('',#163,.T.);
#102=FACE_OUTER_BOUND('',#164,.T.);
#103=FACE_OUTER_BOUND('',#165,.T.);
#104=FACE_OUTER_BOUND('',#166,.T.);
#105=FACE_OUTER_BOUND('',#167,.T.);
#106=FACE_OUTER_BOUND('',#168,.T.);
#107=FACE_OUTER_BOUND('',#169,.T.);
#108=FACE_OUTER_BOUND('',#170,.T.);
#109=FACE_OUTER_BOUND('',#171,.T.);
#110=FACE_OUTER_BOUND('',#172,.T.);
#111=FACE_OUTER_BOUND('',#173,.T.);
#112=FACE_OUTER_BOUND('',#174,.T.);
#113=FACE_OUTER_BOUND('',#175,.T.);
#114=FACE_OUTER_BOUND('',#176,.T.);
#115=FACE_OUTER_BOUND('',#177,.T.);
#116=FACE_OUTER_BOUND('',#178,.T.);
#117=FACE_OUTER_BOUND('',#179,.T.);
#118=FACE_OUTER_BOUND('',#180,.T.);
#119=FACE_OUTER_BOUND('',#181,.T.);
#120=FACE_OUTER_BOUND('',#182,.T.);
#121=FACE_OUTER_BOUND('',#183,.T.);
#122=FACE_OUTER_BOUND('',#184,.T.);
#123=FACE_OUTER_BOUND('',#185,.T.);
#124=FACE_OUTER_BOUND('',#186,.T.);
#125=FACE_OUTER_BOUND('',#187,.T.);
#126=FACE_OUTER_BOUND('',#188,.T.);
#127=FACE_OUTER_BOUND('',#189,.T.);
#128=FACE_OUTER_BOUND('',#190,.T.);
#129=FACE_OUTER_BOUND('',#191,.T.);
#130=FACE_OUTER_BOUND('',#192,.T.);
#131=FACE_OUTER_BOUND('',#193,.T.);
#132=FACE_OUTER_BOUND('',#194,.T.);
#133=FACE_OUTER_BOUND('',#195,.T.);
#134=FACE_OUTER_BOUND('',#196,.T.);
#135=FACE_OUTER_BOUND('',#197,.T.);
#136=FACE_OUTER_BOUND('',#198,.T.);
#137=FACE_OUTER_BOUND('',#199,.T.);
#138=FACE_OUTER_BOUND('',#214,.T.);
#139=EDGE_LOOP('',(#801,#802,#803,#804));
#140=EDGE_LOOP('',(#805,#806,#807,#808));
#141=EDGE_LOOP('',(#809,#810,#811,#812));
#142=EDGE_LOOP('',(#813,#814,#815,#816));
#143=EDGE_LOOP('',(#817,#818,#819,#820));
#144=EDGE_LOOP('',(#821,#822,#823,#824));
#145=EDGE_LOOP('',(#825,#826,#827,#828));
#146=EDGE_LOOP('',(#829,#830,#831,#832));
#147=EDGE_LOOP('',(#833,#834,#835,#836));
#148=EDGE_LOOP('',(#837,#838,#839,#840));
#149=EDGE_LOOP('',(#841,#842,#843,#844));
#150=EDGE_LOOP('',(#845,#846,#847,#848));
#151=EDGE_LOOP('',(#849,#850,#851,#852));
#152=EDGE_LOOP('',(#853,#854,#855,#856));
#153=EDGE_LOOP('',(#857,#858,#859,#860));
#154=EDGE_LOOP('',(#861,#862,#863,#864));
#155=EDGE_LOOP('',(#865,#866,#867,#868));
#156=EDGE_LOOP('',(#869,#870,#871,#872));
#157=EDGE_LOOP('',(#873,#874,#875,#876));
#158=EDGE_LOOP('',(#877,#878,#879,#880));
#159=EDGE_LOOP('',(#881,#882,#883,#884));
#160=EDGE_LOOP('',(#885,#886,#887,#888));
#161=EDGE_LOOP('',(#889,#890,#891,#892));
#162=EDGE_LOOP('',(#893,#894,#895,#896));
#163=EDGE_LOOP('',(#897,#898,#899,#900));
#164=EDGE_LOOP('',(#901,#902,#903,#904));
#165=EDGE_LOOP('',(#905,#906,#907,#908));
#166=EDGE_LOOP('',(#909,#910,#911,#912));
#167=EDGE_LOOP('',(#913,#914,#915,#916));
#168=EDGE_LOOP('',(#917,#918,#919,#920));
#169=EDGE_LOOP('',(#921,#922,#923,#924));
#170=EDGE_LOOP('',(#925,#926,#927,#928));
#171=EDGE_LOOP('',(#929,#930,#931,#932));
#172=EDGE_LOOP('',(#933,#934,#935,#936));
#173=EDGE_LOOP('',(#937,#938,#939,#940));
#174=EDGE_LOOP('',(#941,#942,#943,#944));
#175=EDGE_LOOP('',(#945,#946,#947,#948));
#176=EDGE_LOOP('',(#949,#950,#951,#952));
#177=EDGE_LOOP('',(#953,#954,#955,#956));
#178=EDGE_LOOP('',(#957,#958,#959,#960));
#179=EDGE_LOOP('',(#961,#962,#963,#964));
#180=EDGE_LOOP('',(#965,#966,#967,#968));
#181=EDGE_LOOP('',(#969,#970,#971,#972));
#182=EDGE_LOOP('',(#973,#974,#975,#976));
#183=EDGE_LOOP('',(#977,#978,#979,#980));
#184=EDGE_LOOP('',(#981,#982,#983,#984));
#185=EDGE_LOOP('',(#985,#986,#987,#988));
#186=EDGE_LOOP('',(#989,#990,#991,#992));
#187=EDGE_LOOP('',(#993,#994,#995,#996));
#188=EDGE_LOOP('',(#997,#998,#999,#1000));
#189=EDGE_LOOP('',(#1001,#1002,#1003,#1004));
#190=EDGE_LOOP('',(#1005,#1006,#1007,#1008));
#191=EDGE_LOOP('',(#1009,#1010,#1011,#1012));
#192=EDGE_LOOP('',(#1013,#1014,#1015,#1016));
#193=EDGE_LOOP('',(#1017,#1018,#1019,#1020));
#194=EDGE_LOOP('',(#1021,#1022,#1023,#1024));
#195=EDGE_LOOP('',(#1025,#1026,#1027,#1028));
#196=EDGE_LOOP('',(#1029,#1030,#1031,#1032));
#197=EDGE_LOOP('',(#1033,#1034,#1035,#1036));
#198=EDGE_LOOP('',(#1037,#1038,#1039,#1040));
#199=EDGE_LOOP('',(#1041,#1042,#1043,#1044));
#200=EDGE_LOOP('',(#1045));
#201=EDGE_LOOP('',(#1046,#1047));
#202=EDGE_LOOP('',(#1048,#1049,#1050,#1051,#1052));
#203=EDGE_LOOP('',(#1053));
#204=EDGE_LOOP('',(#1054));
#205=EDGE_LOOP('',(#1055,#1056));
#206=EDGE_LOOP('',(#1057,#1058,#1059,#1060,#1061,#1062,#1063,#1064,#1065,
#1066,#1067,#1068,#1069,#1070,#1071));
#207=EDGE_LOOP('',(#1072,#1073,#1074,#1075,#1076,#1077,#1078,#1079,#1080,
#1081,#1082));
#208=EDGE_LOOP('',(#1083,#1084,#1085,#1086,#1087,#1088,#1089,#1090,#1091));
#209=EDGE_LOOP('',(#1092,#1093,#1094,#1095,#1096));
#210=EDGE_LOOP('',(#1097));
#211=EDGE_LOOP('',(#1098));
#212=EDGE_LOOP('',(#1099));
#213=EDGE_LOOP('',(#1100));
#214=EDGE_LOOP('',(#1101,#1102,#1103,#1104));
#215=EDGE_LOOP('',(#1105));
#216=EDGE_LOOP('',(#1106,#1107));
#217=EDGE_LOOP('',(#1108,#1109,#1110,#1111,#1112));
#218=EDGE_LOOP('',(#1113));
#219=EDGE_LOOP('',(#1114));
#220=EDGE_LOOP('',(#1115,#1116));
#221=EDGE_LOOP('',(#1117,#1118,#1119,#1120,#1121,#1122,#1123,#1124,#1125,
#1126,#1127,#1128,#1129,#1130,#1131));
#222=EDGE_LOOP('',(#1132,#1133,#1134,#1135,#1136,#1137,#1138,#1139,#1140,
#1141,#1142));
#223=EDGE_LOOP('',(#1143,#1144,#1145,#1146,#1147,#1148,#1149,#1150,#1151));
#224=EDGE_LOOP('',(#1152,#1153,#1154,#1155,#1156));
#225=EDGE_LOOP('',(#1157));
#226=EDGE_LOOP('',(#1158));
#227=EDGE_LOOP('',(#1159));
#228=EDGE_LOOP('',(#1160));
#229=LINE('',#1600,#329);
#230=LINE('',#1663,#330);
#231=LINE('',#1672,#331);
#232=LINE('',#1704,#332);
#233=LINE('',#1710,#333);
#234=LINE('',#1750,#334);
#235=LINE('',#1805,#335);
#236=LINE('',#1840,#336);
#237=LINE('',#2001,#337);
#238=LINE('',#2161,#338);
#239=LINE('',#2224,#339);
#240=LINE('',#2233,#340);
#241=LINE('',#2263,#341);
#242=LINE('',#2265,#342);
#243=LINE('',#2267,#343);
#244=LINE('',#2268,#344);
#245=LINE('',#2271,#345);
#246=LINE('',#2273,#346);
#247=LINE('',#2274,#347);
#248=LINE('',#2277,#348);
#249=LINE('',#2279,#349);
#250=LINE('',#2280,#350);
#251=LINE('',#2313,#351);
#252=LINE('',#2361,#352);
#253=LINE('',#2410,#353);
#254=LINE('',#2426,#354);
#255=LINE('',#2428,#355);
#256=LINE('',#2429,#356);
#257=LINE('',#2432,#357);
#258=LINE('',#2434,#358);
#259=LINE('',#2435,#359);
#260=LINE('',#2438,#360);
#261=LINE('',#2440,#361);
#262=LINE('',#2441,#362);
#263=LINE('',#2470,#363);
#264=LINE('',#2495,#364);
#265=LINE('',#2502,#365);
#266=LINE('',#2504,#366);
#267=LINE('',#2505,#367);
#268=LINE('',#2520,#368);
#269=LINE('',#2527,#369);
#270=LINE('',#2529,#370);
#271=LINE('',#2530,#371);
#272=LINE('',#2532,#372);
#273=LINE('',#2533,#373);
#274=LINE('',#2612,#374);
#275=LINE('',#2639,#375);
#276=LINE('',#2691,#376);
#277=LINE('',#2713,#377);
#278=LINE('',#2715,#378);
#279=LINE('',#2716,#379);
#280=LINE('',#2719,#380);
#281=LINE('',#2721,#381);
#282=LINE('',#2722,#382);
#283=LINE('',#2737,#383);
#284=LINE('',#2763,#384);
#285=LINE('',#2773,#385);
#286=LINE('',#2775,#386);
#287=LINE('',#2776,#387);
#288=LINE('',#2791,#388);
#289=LINE('',#2868,#389);
#290=LINE('',#2955,#390);
#291=LINE('',#2979,#391);
#292=LINE('',#2980,#392);
#293=LINE('',#3023,#393);
#294=LINE('',#3038,#394);
#295=LINE('',#3076,#395);
#296=LINE('',#3092,#396);
#297=LINE('',#3094,#397);
#298=LINE('',#3095,#398);
#299=LINE('',#3119,#399);
#300=LINE('',#3141,#400);
#301=LINE('',#3160,#401);
#302=LINE('',#3206,#402);
#303=LINE('',#3311,#403);
#304=LINE('',#3416,#404);
#305=LINE('',#3422,#405);
#306=LINE('',#3437,#406);
#307=LINE('',#3444,#407);
#308=LINE('',#3446,#408);
#309=LINE('',#3447,#409);
#310=LINE('',#3450,#410);
#311=LINE('',#3452,#411);
#312=LINE('',#3453,#412);
#313=LINE('',#3486,#413);
#314=LINE('',#3492,#414);
#315=LINE('',#3498,#415);
#316=LINE('',#3504,#416);
#317=LINE('',#3509,#417);
#318=LINE('',#3511,#418);
#319=LINE('',#3513,#419);
#320=LINE('',#3514,#420);
#321=LINE('',#3517,#421);
#322=LINE('',#3519,#422);
#323=LINE('',#3520,#423);
#324=LINE('',#3523,#424);
#325=LINE('',#3525,#425);
#326=LINE('',#3526,#426);
#327=LINE('',#3528,#427);
#328=LINE('',#3529,#428);
#329=VECTOR('',#1309,10.);
#330=VECTOR('',#1310,10.);
#331=VECTOR('',#1311,10.);
#332=VECTOR('',#1312,10.);
#333=VECTOR('',#1313,10.);
#334=VECTOR('',#1314,10.);
#335=VECTOR('',#1315,10.);
#336=VECTOR('',#1316,10.);
#337=VECTOR('',#1317,10.);
#338=VECTOR('',#1318,10.);
#339=VECTOR('',#1319,10.);
#340=VECTOR('',#1320,10.);
#341=VECTOR('',#1323,10.);
#342=VECTOR('',#1324,10.);
#343=VECTOR('',#1325,10.);
#344=VECTOR('',#1326,10.);
#345=VECTOR('',#1329,10.);
#346=VECTOR('',#1330,10.);
#347=VECTOR('',#1331,10.);
#348=VECTOR('',#1334,10.);
#349=VECTOR('',#1335,10.);
#350=VECTOR('',#1336,10.);
#351=VECTOR('',#1337,10.);
#352=VECTOR('',#1338,10.);
#353=VECTOR('',#1339,10.);
#354=VECTOR('',#1342,10.);
#355=VECTOR('',#1343,10.);
#356=VECTOR('',#1344,10.);
#357=VECTOR('',#1347,10.);
#358=VECTOR('',#1348,10.);
#359=VECTOR('',#1349,10.);
#360=VECTOR('',#1352,10.);
#361=VECTOR('',#1353,10.);
#362=VECTOR('',#1354,10.);
#363=VECTOR('',#1355,10.);
#364=VECTOR('',#1356,10.);
#365=VECTOR('',#1359,10.);
#366=VECTOR('',#1360,10.);
#367=VECTOR('',#1361,10.);
#368=VECTOR('',#1362,10.);
#369=VECTOR('',#1365,10.);
#370=VECTOR('',#1366,10.);
#371=VECTOR('',#1367,10.);
#372=VECTOR('',#1370,10.);
#373=VECTOR('',#1371,10.);
#374=VECTOR('',#1372,10.);
#375=VECTOR('',#1373,10.);
#376=VECTOR('',#1374,10.);
#377=VECTOR('',#1377,10.);
#378=VECTOR('',#1378,10.);
#379=VECTOR('',#1379,10.);
#380=VECTOR('',#1382,10.);
#381=VECTOR('',#1383,10.);
#382=VECTOR('',#1384,10.);
#383=VECTOR('',#1385,10.);
#384=VECTOR('',#1386,10.);
#385=VECTOR('',#1389,10.);
#386=VECTOR('',#1390,10.);
#387=VECTOR('',#1391,10.);
#388=VECTOR('',#1392,10.);
#389=VECTOR('',#1393,10.);
#390=VECTOR('',#1394,10.);
#391=VECTOR('',#1397,10.);
#392=VECTOR('',#1398,10.);
#393=VECTOR('',#1399,10.);
#394=VECTOR('',#1400,10.);
#395=VECTOR('',#1401,10.);
#396=VECTOR('',#1404,10.);
#397=VECTOR('',#1405,10.);
#398=VECTOR('',#1406,10.);
#399=VECTOR('',#1407,10.);
#400=VECTOR('',#1408,10.);
#401=VECTOR('',#1409,10.);
#402=VECTOR('',#1410,10.);
#403=VECTOR('',#1411,10.);
#404=VECTOR('',#1412,10.);
#405=VECTOR('',#1413,10.);
#406=VECTOR('',#1414,10.);
#407=VECTOR('',#1417,10.);
#408=VECTOR('',#1418,10.);
#409=VECTOR('',#1419,10.);
#410=VECTOR('',#1422,10.);
#411=VECTOR('',#1423,10.);
#412=VECTOR('',#1424,10.);
#413=VECTOR('',#1429,1.7);
#414=VECTOR('',#1436,1.7);
#415=VECTOR('',#1443,1.7);
#416=VECTOR('',#1450,1.70000000000001);
#417=VECTOR('',#1455,10.);
#418=VECTOR('',#1456,10.);
#419=VECTOR('',#1457,10.);
#420=VECTOR('',#1458,10.);
#421=VECTOR('',#1461,10.);
#422=VECTOR('',#1462,10.);
#423=VECTOR('',#1463,10.);
#424=VECTOR('',#1466,10.);
#425=VECTOR('',#1467,10.);
#426=VECTOR('',#1468,10.);
#427=VECTOR('',#1471,10.);
#428=VECTOR('',#1472,10.);
#429=B_SPLINE_CURVE_WITH_KNOTS('',3,(#1559,#1560,#1561,#1562,#1563,#1564,
#1565,#1566,#1567,#1568,#1569,#1570,#1571,#1572,#1573,#1574,#1575,#1576,
#1577,#1578,#1579,#1580,#1581,#1582,#1583,#1584,#1585,#1586,#1587,#1588,
#1589,#1590,#1591,#1592,#1593,#1594,#1595,#1596,#1597,#1598),
 .UNSPECIFIED.,.T.,.F.,(4,3,3,3,3,3,3,3,3,3,3,3,3,4),(0.,1.,2.,3.,4.,5.,
6.,7.,8.,9.,10.,11.,12.,13.),.UNSPECIFIED.);
#430=B_SPLINE_CURVE_WITH_KNOTS('',3,(#1601,#1602,#1603,#1604,#1605,#1606,
#1607,#1608,#1609,#1610,#1611,#1612,#1613,#1614,#1615,#1616,#1617,#1618,
#1619,#1620,#1621,#1622,#1623,#1624,#1625,#1626,#1627,#1628,#1629,#1630,
#1631,#1632,#1633,#1634,#1635,#1636,#1637,#1638,#1639,#1640),
 .UNSPECIFIED.,.T.,.F.,(4,3,3,3,3,3,3,3,3,3,3,3,3,4),(-13.,-12.,-11.,-10.,
-9.,-8.,-7.,-6.,-5.,-4.,-3.,-2.,-1.,0.),.UNSPECIFIED.);
#431=B_SPLINE_CURVE_WITH_KNOTS('',3,(#1655,#1656,#1657,#1658,#1659,#1660,
#1661),.UNSPECIFIED.,.F.,.F.,(4,3,4),(1.,2.,3.),.UNSPECIFIED.);
#432=B_SPLINE_CURVE_WITH_KNOTS('',3,(#1665,#1666,#1667,#1668,#1669,#1670,
#1671),.UNSPECIFIED.,.F.,.F.,(4,3,4),(-3.,-2.,-1.),.UNSPECIFIED.);
#433=B_SPLINE_CURVE_WITH_KNOTS('',3,(#1681,#1682,#1683,#1684),
 .UNSPECIFIED.,.F.,.F.,(4,4),(0.,1.),.UNSPECIFIED.);
#434=B_SPLINE_CURVE_WITH_KNOTS('',3,(#1685,#1686,#1687,#1688),
 .UNSPECIFIED.,.F.,.F.,(4,4),(-1.,0.),.UNSPECIFIED.);
#435=B_SPLINE_CURVE_WITH_KNOTS('',3,(#1699,#1700,#1701,#1702),
 .UNSPECIFIED.,.F.,.F.,(4,4),(8.,9.),.UNSPECIFIED.);
#436=B_SPLINE_CURVE_WITH_KNOTS('',3,(#1706,#1707,#1708,#1709),
 .UNSPECIFIED.,.F.,.F.,(4,4),(-9.,-8.),.UNSPECIFIED.);
#437=B_SPLINE_CURVE_WITH_KNOTS('',3,(#1736,#1737,#1738,#1739,#1740,#1741,
#1742,#1743,#1744,#1745,#1746,#1747,#1748),.UNSPECIFIED.,.F.,.F.,(4,3,3,
3,4),(4.,5.,6.,7.,8.),.UNSPECIFIED.);
#438=B_SPLINE_CURVE_WITH_KNOTS('',3,(#1751,#1752,#1753,#1754,#1755,#1756,
#1757,#1758,#1759,#1760,#1761,#1762,#1763),.UNSPECIFIED.,.F.,.F.,(4,3,3,
3,4),(-8.,-7.,-6.,-5.,-4.),.UNSPECIFIED.);
#439=B_SPLINE_CURVE_WITH_KNOTS('',3,(#1791,#1792,#1793,#1794,#1795,#1796,
#1797,#1798,#1799,#1800,#1801,#1802,#1803),.UNSPECIFIED.,.F.,.F.,(4,3,3,
3,4),(0.,1.,2.,3.,4.),.UNSPECIFIED.);
#440=B_SPLINE_CURVE_WITH_KNOTS('',3,(#1806,#1807,#1808,#1809,#1810,#1811,
#1812,#1813,#1814,#1815,#1816,#1817,#1818),.UNSPECIFIED.,.F.,.F.,(4,3,3,
3,4),(-4.,-3.,-2.,-1.,0.),.UNSPECIFIED.);
#441=B_SPLINE_CURVE_WITH_KNOTS('',3,(#1832,#1833,#1834,#1835,#1836,#1837,
#1838),.UNSPECIFIED.,.F.,.F.,(4,3,4),(12.,13.,14.),.UNSPECIFIED.);
#442=B_SPLINE_CURVE_WITH_KNOTS('',3,(#1841,#1842,#1843,#1844,#1845,#1846,
#1847),.UNSPECIFIED.,.F.,.F.,(4,3,4),(-14.,-13.,-12.),.UNSPECIFIED.);
#443=B_SPLINE_CURVE_WITH_KNOTS('',3,(#1868,#1869,#1870,#1871,#1872,#1873,
#1874,#1875,#1876,#1877),.UNSPECIFIED.,.F.,.F.,(4,3,3,4),(9.00001081618774,
10.,11.,12.),.UNSPECIFIED.);
#444=B_SPLINE_CURVE_WITH_KNOTS('',3,(#1878,#1879,#1880,#1881,#1882,#1883,
#1884,#1885,#1886,#1887),.UNSPECIFIED.,.F.,.F.,(4,3,3,4),(-12.,-11.,-10.,
-9.00001081618774),.UNSPECIFIED.);
#445=B_SPLINE_CURVE_WITH_KNOTS('',3,(#1963,#1964,#1965,#1966,#1967,#1968,
#1969,#1970,#1971,#1972,#1973,#1974,#1975,#1976,#1977,#1978,#1979,#1980,
#1981,#1982,#1983,#1984,#1985,#1986,#1987,#1988,#1989,#1990,#1991,#1992,
#1993,#1994,#1995,#1996,#1997,#1998,#1999),.UNSPECIFIED.,.T.,.F.,(4,3,3,
3,3,3,3,3,3,3,3,3,4),(0.,1.,2.,3.,4.,5.,6.,7.,8.,9.,10.,11.,12.),
 .UNSPECIFIED.);
#446=B_SPLINE_CURVE_WITH_KNOTS('',3,(#2002,#2003,#2004,#2005,#2006,#2007,
#2008,#2009,#2010,#2011,#2012,#2013,#2014,#2015,#2016,#2017,#2018,#2019,
#2020,#2021,#2022,#2023,#2024,#2025,#2026,#2027,#2028,#2029,#2030,#2031,
#2032,#2033,#2034,#2035,#2036,#2037,#2038),.UNSPECIFIED.,.T.,.F.,(4,3,3,
3,3,3,3,3,3,3,3,3,4),(-12.,-11.,-10.,-9.,-8.,-7.,-6.,-5.,-4.,-3.,-2.,-1.,
0.),.UNSPECIFIED.);
#447=B_SPLINE_CURVE_WITH_KNOTS('',3,(#2120,#2121,#2122,#2123,#2124,#2125,
#2126,#2127,#2128,#2129,#2130,#2131,#2132,#2133,#2134,#2135,#2136,#2137,
#2138,#2139,#2140,#2141,#2142,#2143,#2144,#2145,#2146,#2147,#2148,#2149,
#2150,#2151,#2152,#2153,#2154,#2155,#2156,#2157,#2158,#2159),
 .UNSPECIFIED.,.T.,.F.,(4,3,3,3,3,3,3,3,3,3,3,3,3,4),(0.,1.,2.,3.,4.,5.,
6.,7.,8.,9.,10.,11.,12.,13.),.UNSPECIFIED.);
#448=B_SPLINE_CURVE_WITH_KNOTS('',3,(#2162,#2163,#2164,#2165,#2166,#2167,
#2168,#2169,#2170,#2171,#2172,#2173,#2174,#2175,#2176,#2177,#2178,#2179,
#2180,#2181,#2182,#2183,#2184,#2185,#2186,#2187,#2188,#2189,#2190,#2191,
#2192,#2193,#2194,#2195,#2196,#2197,#2198,#2199,#2200,#2201),
 .UNSPECIFIED.,.T.,.F.,(4,3,3,3,3,3,3,3,3,3,3,3,3,4),(-13.,-12.,-11.,-10.,
-9.,-8.,-7.,-6.,-5.,-4.,-3.,-2.,-1.,0.),.UNSPECIFIED.);
#449=B_SPLINE_CURVE_WITH_KNOTS('',3,(#2216,#2217,#2218,#2219,#2220,#2221,
#2222),.UNSPECIFIED.,.F.,.F.,(4,3,4),(2.,3.,4.),.UNSPECIFIED.);
#450=B_SPLINE_CURVE_WITH_KNOTS('',3,(#2226,#2227,#2228,#2229,#2230,#2231,
#2232),.UNSPECIFIED.,.F.,.F.,(4,3,4),(-4.,-3.,-2.),.UNSPECIFIED.);
#451=B_SPLINE_CURVE_WITH_KNOTS('',3,(#2246,#2247,#2248,#2249,#2250,#2251,
#2252),.UNSPECIFIED.,.F.,.F.,(4,3,4),(0.,1.,2.),.UNSPECIFIED.);
#452=B_SPLINE_CURVE_WITH_KNOTS('',3,(#2253,#2254,#2255,#2256,#2257,#2258,
#2259),.UNSPECIFIED.,.F.,.F.,(4,3,4),(-2.,-1.,0.),.UNSPECIFIED.);
#453=B_SPLINE_CURVE_WITH_KNOTS('',3,(#2302,#2303,#2304,#2305,#2306,#2307,
#2308,#2309,#2310,#2311),.UNSPECIFIED.,.F.,.F.,(4,3,3,4),(18.,19.,20.,21.),
 .UNSPECIFIED.);
#454=B_SPLINE_CURVE_WITH_KNOTS('',3,(#2314,#2315,#2316,#2317,#2318,#2319,
#2320,#2321,#2322,#2323),.UNSPECIFIED.,.F.,.F.,(4,3,3,4),(-21.,-20.,-19.,
-18.),.UNSPECIFIED.);
#455=B_SPLINE_CURVE_WITH_KNOTS('',3,(#2347,#2348,#2349,#2350,#2351,#2352,
#2353,#2354,#2355,#2356,#2357,#2358,#2359),.UNSPECIFIED.,.F.,.F.,(4,3,3,
3,4),(14.,15.,16.,17.,18.),.UNSPECIFIED.);
#456=B_SPLINE_CURVE_WITH_KNOTS('',3,(#2362,#2363,#2364,#2365,#2366,#2367,
#2368,#2369,#2370,#2371,#2372,#2373,#2374),.UNSPECIFIED.,.F.,.F.,(4,3,3,
3,4),(-18.,-17.,-16.,-15.,-14.),.UNSPECIFIED.);
#457=B_SPLINE_CURVE_WITH_KNOTS('',3,(#2396,#2397,#2398,#2399,#2400,#2401,
#2402,#2403,#2404,#2405,#2406,#2407,#2408),.UNSPECIFIED.,.F.,.F.,(4,3,3,
3,4),(10.,11.,12.,13.,14.),.UNSPECIFIED.);
#458=B_SPLINE_CURVE_WITH_KNOTS('',3,(#2411,#2412,#2413,#2414,#2415,#2416,
#2417,#2418,#2419,#2420,#2421,#2422,#2423),.UNSPECIFIED.,.F.,.F.,(4,3,3,
3,4),(-14.,-13.,-12.,-11.,-10.),.UNSPECIFIED.);
#459=B_SPLINE_CURVE_WITH_KNOTS('',3,(#2459,#2460,#2461,#2462,#2463,#2464,
#2465,#2466,#2467,#2468),.UNSPECIFIED.,.F.,.F.,(4,3,3,4),(4.,5.,6.,7.),
 .UNSPECIFIED.);
#460=B_SPLINE_CURVE_WITH_KNOTS('',3,(#2471,#2472,#2473,#2474,#2475,#2476,
#2477,#2478,#2479,#2480),.UNSPECIFIED.,.F.,.F.,(4,3,3,4),(-7.,-6.,-5.,-4.),
 .UNSPECIFIED.);
#461=B_SPLINE_CURVE_WITH_KNOTS('',3,(#2490,#2491,#2492,#2493),
 .UNSPECIFIED.,.F.,.F.,(4,4),(3.,4.),.UNSPECIFIED.);
#462=B_SPLINE_CURVE_WITH_KNOTS('',3,(#2496,#2497,#2498,#2499),
 .UNSPECIFIED.,.F.,.F.,(4,4),(-4.,-3.),.UNSPECIFIED.);
#463=B_SPLINE_CURVE_WITH_KNOTS('',3,(#2515,#2516,#2517,#2518),
 .UNSPECIFIED.,.F.,.F.,(4,4),(1.,2.),.UNSPECIFIED.);
#464=B_SPLINE_CURVE_WITH_KNOTS('',3,(#2521,#2522,#2523,#2524),
 .UNSPECIFIED.,.F.,.F.,(4,4),(-2.,-1.),.UNSPECIFIED.);
#465=B_SPLINE_CURVE_WITH_KNOTS('',3,(#2586,#2587,#2588,#2589,#2590,#2591,
#2592,#2593,#2594,#2595,#2596,#2597,#2598,#2599,#2600,#2601,#2602,#2603,
#2604,#2605,#2606,#2607,#2608,#2609,#2610),.UNSPECIFIED.,.F.,.F.,(4,3,3,
3,3,3,3,3,4),(29.,30.,31.,32.,33.,34.,35.,36.,37.),.UNSPECIFIED.);
#466=B_SPLINE_CURVE_WITH_KNOTS('',3,(#2614,#2615,#2616,#2617,#2618,#2619,
#2620,#2621,#2622,#2623,#2624,#2625,#2626,#2627,#2628,#2629,#2630,#2631,
#2632,#2633,#2634,#2635,#2636,#2637,#2638),.UNSPECIFIED.,.F.,.F.,(4,3,3,
3,3,3,3,3,4),(-37.,-36.,-35.,-34.,-33.,-32.,-31.,-30.,-29.),
 .UNSPECIFIED.);
#467=B_SPLINE_CURVE_WITH_KNOTS('',3,(#2671,#2672,#2673,#2674,#2675,#2676,
#2677,#2678,#2679,#2680,#2681,#2682,#2683,#2684,#2685,#2686,#2687,#2688,
#2689),.UNSPECIFIED.,.F.,.F.,(4,3,3,3,3,3,4),(23.,24.,25.,26.,27.,28.,29.),
 .UNSPECIFIED.);
#468=B_SPLINE_CURVE_WITH_KNOTS('',3,(#2692,#2693,#2694,#2695,#2696,#2697,
#2698,#2699,#2700,#2701,#2702,#2703,#2704,#2705,#2706,#2707,#2708,#2709,
#2710),.UNSPECIFIED.,.F.,.F.,(4,3,3,3,3,3,4),(-29.,-28.,-27.,-26.,-25.,
-24.,-23.),.UNSPECIFIED.);
#469=B_SPLINE_CURVE_WITH_KNOTS('',3,(#2732,#2733,#2734,#2735),
 .UNSPECIFIED.,.F.,.F.,(4,4),(20.,21.),.UNSPECIFIED.);
#470=B_SPLINE_CURVE_WITH_KNOTS('',3,(#2738,#2739,#2740,#2741),
 .UNSPECIFIED.,.F.,.F.,(4,4),(-21.,-20.),.UNSPECIFIED.);
#471=B_SPLINE_CURVE_WITH_KNOTS('',3,(#2755,#2756,#2757,#2758,#2759,#2760,
#2761),.UNSPECIFIED.,.F.,.F.,(4,3,4),(18.,19.,20.),.UNSPECIFIED.);
#472=B_SPLINE_CURVE_WITH_KNOTS('',3,(#2764,#2765,#2766,#2767,#2768,#2769,
#2770),.UNSPECIFIED.,.F.,.F.,(4,3,4),(-20.,-19.,-18.),.UNSPECIFIED.);
#473=B_SPLINE_CURVE_WITH_KNOTS('',3,(#2786,#2787,#2788,#2789),
 .UNSPECIFIED.,.F.,.F.,(4,4),(16.,17.),.UNSPECIFIED.);
#474=B_SPLINE_CURVE_WITH_KNOTS('',3,(#2792,#2793,#2794,#2795),
 .UNSPECIFIED.,.F.,.F.,(4,4),(-17.,-16.),.UNSPECIFIED.);
#475=B_SPLINE_CURVE_WITH_KNOTS('',3,(#2839,#2840,#2841,#2842,#2843,#2844,
#2845,#2846,#2847,#2848,#2849,#2850,#2851,#2852,#2853,#2854,#2855,#2856,
#2857,#2858,#2859,#2860,#2861,#2862,#2863,#2864,#2865,#2866),
 .UNSPECIFIED.,.F.,.F.,(4,3,3,3,3,3,3,3,3,4),(7.,8.,9.,10.,11.,12.,13.,
14.,15.,16.),.UNSPECIFIED.);
#476=B_SPLINE_CURVE_WITH_KNOTS('',3,(#2869,#2870,#2871,#2872,#2873,#2874,
#2875,#2876,#2877,#2878,#2879,#2880,#2881,#2882,#2883,#2884,#2885,#2886,
#2887,#2888,#2889,#2890,#2891,#2892,#2893,#2894,#2895,#2896),
 .UNSPECIFIED.,.F.,.F.,(4,3,3,3,3,3,3,3,3,4),(-16.,-15.,-14.,-13.,-12.,
-11.,-10.,-9.,-8.,-7.),.UNSPECIFIED.);
#477=B_SPLINE_CURVE_WITH_KNOTS('',3,(#2932,#2933,#2934,#2935,#2936,#2937,
#2938,#2939,#2940,#2941,#2942,#2943,#2944,#2945,#2946,#2947,#2948,#2949,
#2950,#2951,#2952,#2953),.UNSPECIFIED.,.F.,.F.,(4,3,3,3,3,3,3,4),(0.,1.,
2.,3.,4.,5.,6.,7.),.UNSPECIFIED.);
#478=B_SPLINE_CURVE_WITH_KNOTS('',3,(#2956,#2957,#2958,#2959,#2960,#2961,
#2962,#2963,#2964,#2965,#2966,#2967,#2968,#2969,#2970,#2971,#2972,#2973,
#2974,#2975,#2976,#2977),.UNSPECIFIED.,.F.,.F.,(4,3,3,3,3,3,3,4),(-7.,-6.,
-5.,-4.,-3.,-2.,-1.,0.),.UNSPECIFIED.);
#479=B_SPLINE_CURVE_WITH_KNOTS('',3,(#3009,#3010,#3011,#3012,#3013,#3014,
#3015,#3016,#3017,#3018,#3019,#3020,#3021),.UNSPECIFIED.,.F.,.F.,(4,3,3,
3,4),(25.,26.,27.,28.,29.),.UNSPECIFIED.);
#480=B_SPLINE_CURVE_WITH_KNOTS('',3,(#3025,#3026,#3027,#3028,#3029,#3030,
#3031,#3032,#3033,#3034,#3035,#3036,#3037),.UNSPECIFIED.,.F.,.F.,(4,3,3,
3,4),(-29.,-28.,-27.,-26.,-25.),.UNSPECIFIED.);
#481=B_SPLINE_CURVE_WITH_KNOTS('',3,(#3062,#3063,#3064,#3065,#3066,#3067,
#3068,#3069,#3070,#3071,#3072,#3073,#3074),.UNSPECIFIED.,.F.,.F.,(4,3,3,
3,4),(21.,22.,23.,24.,25.),.UNSPECIFIED.);
#482=B_SPLINE_CURVE_WITH_KNOTS('',3,(#3077,#3078,#3079,#3080,#3081,#3082,
#3083,#3084,#3085,#3086,#3087,#3088,#3089),.UNSPECIFIED.,.F.,.F.,(4,3,3,
3,4),(-25.,-24.,-23.,-22.,-21.),.UNSPECIFIED.);
#483=B_SPLINE_CURVE_WITH_KNOTS('',3,(#3111,#3112,#3113,#3114,#3115,#3116,
#3117),.UNSPECIFIED.,.F.,.F.,(4,3,4),(18.,19.,20.),.UNSPECIFIED.);
#484=B_SPLINE_CURVE_WITH_KNOTS('',3,(#3120,#3121,#3122,#3123,#3124,#3125,
#3126),.UNSPECIFIED.,.F.,.F.,(4,3,4),(-20.,-19.,-18.),.UNSPECIFIED.);
#485=B_SPLINE_CURVE_WITH_KNOTS('',3,(#3136,#3137,#3138,#3139),
 .UNSPECIFIED.,.F.,.F.,(4,4),(17.,18.),.UNSPECIFIED.);
#486=B_SPLINE_CURVE_WITH_KNOTS('',3,(#3142,#3143,#3144,#3145),
 .UNSPECIFIED.,.F.,.F.,(4,4),(-18.,-17.),.UNSPECIFIED.);
#487=B_SPLINE_CURVE_WITH_KNOTS('',3,(#3155,#3156,#3157,#3158),
 .UNSPECIFIED.,.F.,.F.,(4,4),(16.,17.),.UNSPECIFIED.);
#488=B_SPLINE_CURVE_WITH_KNOTS('',3,(#3161,#3162,#3163,#3164),
 .UNSPECIFIED.,.F.,.F.,(4,4),(-17.,-16.),.UNSPECIFIED.);
#489=B_SPLINE_CURVE_WITH_KNOTS('',3,(#3192,#3193,#3194,#3195,#3196,#3197,
#3198,#3199,#3200,#3201,#3202,#3203,#3204),.UNSPECIFIED.,.F.,.F.,(4,3,3,
3,4),(12.,13.,14.,15.,16.),.UNSPECIFIED.);
#490=B_SPLINE_CURVE_WITH_KNOTS('',3,(#3207,#3208,#3209,#3210,#3211,#3212,
#3213,#3214,#3215,#3216,#3217,#3218,#3219),.UNSPECIFIED.,.F.,.F.,(4,3,3,
3,4),(-16.,-15.,-14.,-13.,-12.),.UNSPECIFIED.);
#491=B_SPLINE_CURVE_WITH_KNOTS('',3,(#3273,#3274,#3275,#3276,#3277,#3278,
#3279,#3280,#3281,#3282,#3283,#3284,#3285,#3286,#3287,#3288,#3289,#3290,
#3291,#3292,#3293,#3294,#3295,#3296,#3297,#3298,#3299,#3300,#3301,#3302,
#3303,#3304,#3305,#3306,#3307,#3308,#3309),.UNSPECIFIED.,.F.,.F.,(4,3,3,
3,3,3,3,3,3,3,3,3,4),(0.,1.,2.,3.,4.,5.,6.,7.,8.,9.,10.,11.,12.),
 .UNSPECIFIED.);
#492=B_SPLINE_CURVE_WITH_KNOTS('',3,(#3312,#3313,#3314,#3315,#3316,#3317,
#3318,#3319,#3320,#3321,#3322,#3323,#3324,#3325,#3326,#3327,#3328,#3329,
#3330,#3331,#3332,#3333,#3334,#3335,#3336,#3337,#3338,#3339,#3340,#3341,
#3342,#3343,#3344,#3345,#3346,#3347,#3348),.UNSPECIFIED.,.F.,.F.,(4,3,3,
3,3,3,3,3,3,3,3,3,4),(-12.,-11.,-10.,-9.,-8.,-7.,-6.,-5.,-4.,-3.,-2.,-1.,
0.),.UNSPECIFIED.);
#493=B_SPLINE_CURVE_WITH_KNOTS('',3,(#3375,#3376,#3377,#3378,#3379,#3380,
#3381,#3382,#3383,#3384,#3385,#3386,#3387),.UNSPECIFIED.,.F.,.F.,(4,3,3,
3,4),(29.,30.,31.,32.,33.),.UNSPECIFIED.);
#494=B_SPLINE_CURVE_WITH_KNOTS('',3,(#3388,#3389,#3390,#3391,#3392,#3393,
#3394,#3395,#3396,#3397,#3398,#3399,#3400),.UNSPECIFIED.,.F.,.F.,(4,3,3,
3,4),(-33.,-32.,-31.,-30.,-29.),.UNSPECIFIED.);
#495=B_SPLINE_CURVE_WITH_KNOTS('',3,(#3411,#3412,#3413,#3414),
 .UNSPECIFIED.,.F.,.F.,(4,4),(3.,4.),.UNSPECIFIED.);
#496=B_SPLINE_CURVE_WITH_KNOTS('',3,(#3418,#3419,#3420,#3421),
 .UNSPECIFIED.,.F.,.F.,(4,4),(-4.,-3.),.UNSPECIFIED.);
#497=B_SPLINE_CURVE_WITH_KNOTS('',3,(#3432,#3433,#3434,#3435),
 .UNSPECIFIED.,.F.,.F.,(4,4),(2.,3.),.UNSPECIFIED.);
#498=B_SPLINE_CURVE_WITH_KNOTS('',3,(#3438,#3439,#3440,#3441),
 .UNSPECIFIED.,.F.,.F.,(4,4),(-3.,-2.),.UNSPECIFIED.);
#499=B_SPLINE_CURVE_WITH_KNOTS('',3,(#3468,#3469,#3470,#3471,#3472,#3473,
#3474),.UNSPECIFIED.,.F.,.F.,(4,3,4),(4.,5.,6.),.UNSPECIFIED.);
#500=B_SPLINE_CURVE_WITH_KNOTS('',3,(#3475,#3476,#3477,#3478,#3479,#3480,
#3481),.UNSPECIFIED.,.F.,.F.,(4,3,4),(-6.,-5.,-4.),.UNSPECIFIED.);
#501=VERTEX_POINT('',#1558);
#502=VERTEX_POINT('',#1599);
#503=VERTEX_POINT('',#1653);
#504=VERTEX_POINT('',#1654);
#505=VERTEX_POINT('',#1662);
#506=VERTEX_POINT('',#1664);
#507=VERTEX_POINT('',#1697);
#508=VERTEX_POINT('',#1698);
#509=VERTEX_POINT('',#1703);
#510=VERTEX_POINT('',#1705);
#511=VERTEX_POINT('',#1735);
#512=VERTEX_POINT('',#1749);
#513=VERTEX_POINT('',#1790);
#514=VERTEX_POINT('',#1804);
#515=VERTEX_POINT('',#1831);
#516=VERTEX_POINT('',#1839);
#517=VERTEX_POINT('',#1962);
#518=VERTEX_POINT('',#2000);
#519=VERTEX_POINT('',#2119);
#520=VERTEX_POINT('',#2160);
#521=VERTEX_POINT('',#2214);
#522=VERTEX_POINT('',#2215);
#523=VERTEX_POINT('',#2223);
#524=VERTEX_POINT('',#2225);
#525=VERTEX_POINT('',#2261);
#526=VERTEX_POINT('',#2262);
#527=VERTEX_POINT('',#2264);
#528=VERTEX_POINT('',#2266);
#529=VERTEX_POINT('',#2270);
#530=VERTEX_POINT('',#2272);
#531=VERTEX_POINT('',#2276);
#532=VERTEX_POINT('',#2278);
#533=VERTEX_POINT('',#2301);
#534=VERTEX_POINT('',#2312);
#535=VERTEX_POINT('',#2346);
#536=VERTEX_POINT('',#2360);
#537=VERTEX_POINT('',#2395);
#538=VERTEX_POINT('',#2409);
#539=VERTEX_POINT('',#2425);
#540=VERTEX_POINT('',#2427);
#541=VERTEX_POINT('',#2431);
#542=VERTEX_POINT('',#2433);
#543=VERTEX_POINT('',#2437);
#544=VERTEX_POINT('',#2439);
#545=VERTEX_POINT('',#2458);
#546=VERTEX_POINT('',#2469);
#547=VERTEX_POINT('',#2489);
#548=VERTEX_POINT('',#2494);
#549=VERTEX_POINT('',#2501);
#550=VERTEX_POINT('',#2503);
#551=VERTEX_POINT('',#2514);
#552=VERTEX_POINT('',#2519);
#553=VERTEX_POINT('',#2526);
#554=VERTEX_POINT('',#2528);
#555=VERTEX_POINT('',#2584);
#556=VERTEX_POINT('',#2585);
#557=VERTEX_POINT('',#2611);
#558=VERTEX_POINT('',#2613);
#559=VERTEX_POINT('',#2670);
#560=VERTEX_POINT('',#2690);
#561=VERTEX_POINT('',#2712);
#562=VERTEX_POINT('',#2714);
#563=VERTEX_POINT('',#2718);
#564=VERTEX_POINT('',#2720);
#565=VERTEX_POINT('',#2731);
#566=VERTEX_POINT('',#2736);
#567=VERTEX_POINT('',#2754);
#568=VERTEX_POINT('',#2762);
#569=VERTEX_POINT('',#2772);
#570=VERTEX_POINT('',#2774);
#571=VERTEX_POINT('',#2785);
#572=VERTEX_POINT('',#2790);
#573=VERTEX_POINT('',#2838);
#574=VERTEX_POINT('',#2867);
#575=VERTEX_POINT('',#2931);
#576=VERTEX_POINT('',#2954);
#577=VERTEX_POINT('',#3007);
#578=VERTEX_POINT('',#3008);
#579=VERTEX_POINT('',#3022);
#580=VERTEX_POINT('',#3024);
#581=VERTEX_POINT('',#3061);
#582=VERTEX_POINT('',#3075);
#583=VERTEX_POINT('',#3091);
#584=VERTEX_POINT('',#3093);
#585=VERTEX_POINT('',#3110);
#586=VERTEX_POINT('',#3118);
#587=VERTEX_POINT('',#3135);
#588=VERTEX_POINT('',#3140);
#589=VERTEX_POINT('',#3154);
#590=VERTEX_POINT('',#3159);
#591=VERTEX_POINT('',#3191);
#592=VERTEX_POINT('',#3205);
#593=VERTEX_POINT('',#3272);
#594=VERTEX_POINT('',#3310);
#595=VERTEX_POINT('',#3409);
#596=VERTEX_POINT('',#3410);
#597=VERTEX_POINT('',#3415);
#598=VERTEX_POINT('',#3417);
#599=VERTEX_POINT('',#3431);
#600=VERTEX_POINT('',#3436);
#601=VERTEX_POINT('',#3443);
#602=VERTEX_POINT('',#3445);
#603=VERTEX_POINT('',#3449);
#604=VERTEX_POINT('',#3451);
#605=VERTEX_POINT('',#3483);
#606=VERTEX_POINT('',#3485);
#607=VERTEX_POINT('',#3489);
#608=VERTEX_POINT('',#3491);
#609=VERTEX_POINT('',#3495);
#610=VERTEX_POINT('',#3497);
#611=VERTEX_POINT('',#3501);
#612=VERTEX_POINT('',#3503);
#613=VERTEX_POINT('',#3507);
#614=VERTEX_POINT('',#3508);
#615=VERTEX_POINT('',#3510);
#616=VERTEX_POINT('',#3512);
#617=VERTEX_POINT('',#3516);
#618=VERTEX_POINT('',#3518);
#619=VERTEX_POINT('',#3522);
#620=VERTEX_POINT('',#3524);
#621=EDGE_CURVE('',#501,#501,#429,.T.);
#622=EDGE_CURVE('',#501,#502,#229,.T.);
#623=EDGE_CURVE('',#502,#502,#430,.T.);
#624=EDGE_CURVE('',#503,#504,#431,.T.);
#625=EDGE_CURVE('',#503,#505,#230,.T.);
#626=EDGE_CURVE('',#506,#505,#432,.T.);
#627=EDGE_CURVE('',#504,#506,#231,.T.);
#628=EDGE_CURVE('',#504,#503,#433,.T.);
#629=EDGE_CURVE('',#505,#506,#434,.T.);
#630=EDGE_CURVE('',#507,#508,#435,.T.);
#631=EDGE_CURVE('',#507,#509,#232,.T.);
#632=EDGE_CURVE('',#510,#509,#436,.T.);
#633=EDGE_CURVE('',#508,#510,#233,.T.);
#634=EDGE_CURVE('',#511,#507,#437,.T.);
#635=EDGE_CURVE('',#511,#512,#234,.T.);
#636=EDGE_CURVE('',#509,#512,#438,.T.);
#637=EDGE_CURVE('',#513,#511,#439,.T.);
#638=EDGE_CURVE('',#513,#514,#235,.T.);
#639=EDGE_CURVE('',#512,#514,#440,.T.);
#640=EDGE_CURVE('',#515,#513,#441,.T.);
#641=EDGE_CURVE('',#515,#516,#236,.T.);
#642=EDGE_CURVE('',#514,#516,#442,.T.);
#643=EDGE_CURVE('',#508,#515,#443,.T.);
#644=EDGE_CURVE('',#516,#510,#444,.T.);
#645=EDGE_CURVE('',#517,#517,#445,.T.);
#646=EDGE_CURVE('',#517,#518,#237,.T.);
#647=EDGE_CURVE('',#518,#518,#446,.T.);
#648=EDGE_CURVE('',#519,#519,#447,.T.);
#649=EDGE_CURVE('',#519,#520,#238,.T.);
#650=EDGE_CURVE('',#520,#520,#448,.T.);
#651=EDGE_CURVE('',#521,#522,#449,.T.);
#652=EDGE_CURVE('',#521,#523,#239,.T.);
#653=EDGE_CURVE('',#524,#523,#450,.T.);
#654=EDGE_CURVE('',#522,#524,#240,.T.);
#655=EDGE_CURVE('',#522,#521,#451,.T.);
#656=EDGE_CURVE('',#523,#524,#452,.T.);
#657=EDGE_CURVE('',#525,#526,#241,.T.);
#658=EDGE_CURVE('',#525,#527,#242,.T.);
#659=EDGE_CURVE('',#528,#527,#243,.T.);
#660=EDGE_CURVE('',#526,#528,#244,.T.);
#661=EDGE_CURVE('',#529,#525,#245,.T.);
#662=EDGE_CURVE('',#529,#530,#246,.T.);
#663=EDGE_CURVE('',#527,#530,#247,.T.);
#664=EDGE_CURVE('',#531,#529,#248,.T.);
#665=EDGE_CURVE('',#531,#532,#249,.T.);
#666=EDGE_CURVE('',#530,#532,#250,.T.);
#667=EDGE_CURVE('',#533,#531,#453,.T.);
#668=EDGE_CURVE('',#533,#534,#251,.T.);
#669=EDGE_CURVE('',#532,#534,#454,.T.);
#670=EDGE_CURVE('',#535,#533,#455,.T.);
#671=EDGE_CURVE('',#535,#536,#252,.T.);
#672=EDGE_CURVE('',#534,#536,#456,.T.);
#673=EDGE_CURVE('',#537,#535,#457,.T.);
#674=EDGE_CURVE('',#537,#538,#253,.T.);
#675=EDGE_CURVE('',#536,#538,#458,.T.);
#676=EDGE_CURVE('',#539,#537,#254,.T.);
#677=EDGE_CURVE('',#539,#540,#255,.T.);
#678=EDGE_CURVE('',#538,#540,#256,.T.);
#679=EDGE_CURVE('',#541,#539,#257,.T.);
#680=EDGE_CURVE('',#541,#542,#258,.T.);
#681=EDGE_CURVE('',#540,#542,#259,.T.);
#682=EDGE_CURVE('',#543,#541,#260,.T.);
#683=EDGE_CURVE('',#543,#544,#261,.T.);
#684=EDGE_CURVE('',#542,#544,#262,.T.);
#685=EDGE_CURVE('',#545,#543,#459,.T.);
#686=EDGE_CURVE('',#545,#546,#263,.T.);
#687=EDGE_CURVE('',#544,#546,#460,.T.);
#688=EDGE_CURVE('',#547,#545,#461,.T.);
#689=EDGE_CURVE('',#547,#548,#264,.T.);
#690=EDGE_CURVE('',#546,#548,#462,.T.);
#691=EDGE_CURVE('',#549,#547,#265,.T.);
#692=EDGE_CURVE('',#549,#550,#266,.T.);
#693=EDGE_CURVE('',#548,#550,#267,.T.);
#694=EDGE_CURVE('',#551,#549,#463,.T.);
#695=EDGE_CURVE('',#551,#552,#268,.T.);
#696=EDGE_CURVE('',#550,#552,#464,.T.);
#697=EDGE_CURVE('',#553,#551,#269,.T.);
#698=EDGE_CURVE('',#553,#554,#270,.T.);
#699=EDGE_CURVE('',#552,#554,#271,.T.);
#700=EDGE_CURVE('',#526,#553,#272,.T.);
#701=EDGE_CURVE('',#554,#528,#273,.T.);
#702=EDGE_CURVE('',#555,#556,#465,.T.);
#703=EDGE_CURVE('',#555,#557,#274,.T.);
#704=EDGE_CURVE('',#558,#557,#466,.T.);
#705=EDGE_CURVE('',#556,#558,#275,.T.);
#706=EDGE_CURVE('',#559,#555,#467,.T.);
#707=EDGE_CURVE('',#559,#560,#276,.T.);
#708=EDGE_CURVE('',#557,#560,#468,.T.);
#709=EDGE_CURVE('',#561,#559,#277,.T.);
#710=EDGE_CURVE('',#561,#562,#278,.T.);
#711=EDGE_CURVE('',#560,#562,#279,.T.);
#712=EDGE_CURVE('',#563,#561,#280,.T.);
#713=EDGE_CURVE('',#563,#564,#281,.T.);
#714=EDGE_CURVE('',#562,#564,#282,.T.);
#715=EDGE_CURVE('',#565,#563,#469,.T.);
#716=EDGE_CURVE('',#565,#566,#283,.T.);
#717=EDGE_CURVE('',#564,#566,#470,.T.);
#718=EDGE_CURVE('',#567,#565,#471,.T.);
#719=EDGE_CURVE('',#567,#568,#284,.T.);
#720=EDGE_CURVE('',#566,#568,#472,.T.);
#721=EDGE_CURVE('',#569,#567,#285,.T.);
#722=EDGE_CURVE('',#569,#570,#286,.T.);
#723=EDGE_CURVE('',#568,#570,#287,.T.);
#724=EDGE_CURVE('',#571,#569,#473,.T.);
#725=EDGE_CURVE('',#571,#572,#288,.T.);
#726=EDGE_CURVE('',#570,#572,#474,.T.);
#727=EDGE_CURVE('',#573,#571,#475,.T.);
#728=EDGE_CURVE('',#573,#574,#289,.T.);
#729=EDGE_CURVE('',#572,#574,#476,.T.);
#730=EDGE_CURVE('',#575,#573,#477,.T.);
#731=EDGE_CURVE('',#575,#576,#290,.T.);
#732=EDGE_CURVE('',#574,#576,#478,.T.);
#733=EDGE_CURVE('',#556,#575,#291,.T.);
#734=EDGE_CURVE('',#576,#558,#292,.T.);
#735=EDGE_CURVE('',#577,#578,#479,.T.);
#736=EDGE_CURVE('',#577,#579,#293,.T.);
#737=EDGE_CURVE('',#580,#579,#480,.T.);
#738=EDGE_CURVE('',#578,#580,#294,.T.);
#739=EDGE_CURVE('',#581,#577,#481,.T.);
#740=EDGE_CURVE('',#581,#582,#295,.T.);
#741=EDGE_CURVE('',#579,#582,#482,.T.);
#742=EDGE_CURVE('',#583,#581,#296,.T.);
#743=EDGE_CURVE('',#583,#584,#297,.T.);
#744=EDGE_CURVE('',#582,#584,#298,.T.);
#745=EDGE_CURVE('',#585,#583,#483,.T.);
#746=EDGE_CURVE('',#585,#586,#299,.T.);
#747=EDGE_CURVE('',#584,#586,#484,.T.);
#748=EDGE_CURVE('',#587,#585,#485,.T.);
#749=EDGE_CURVE('',#587,#588,#300,.T.);
#750=EDGE_CURVE('',#586,#588,#486,.T.);
#751=EDGE_CURVE('',#589,#587,#487,.T.);
#752=EDGE_CURVE('',#589,#590,#301,.T.);
#753=EDGE_CURVE('',#588,#590,#488,.T.);
#754=EDGE_CURVE('',#591,#589,#489,.T.);
#755=EDGE_CURVE('',#591,#592,#302,.T.);
#756=EDGE_CURVE('',#590,#592,#490,.T.);
#757=EDGE_CURVE('',#593,#591,#491,.T.);
#758=EDGE_CURVE('',#593,#594,#303,.T.);
#759=EDGE_CURVE('',#592,#594,#492,.T.);
#760=EDGE_CURVE('',#578,#593,#493,.T.);
#761=EDGE_CURVE('',#594,#580,#494,.T.);
#762=EDGE_CURVE('',#595,#596,#495,.T.);
#763=EDGE_CURVE('',#595,#597,#304,.T.);
#764=EDGE_CURVE('',#598,#597,#496,.T.);
#765=EDGE_CURVE('',#596,#598,#305,.T.);
#766=EDGE_CURVE('',#599,#595,#497,.T.);
#767=EDGE_CURVE('',#599,#600,#306,.T.);
#768=EDGE_CURVE('',#597,#600,#498,.T.);
#769=EDGE_CURVE('',#601,#599,#307,.T.);
#770=EDGE_CURVE('',#601,#602,#308,.T.);
#771=EDGE_CURVE('',#600,#602,#309,.T.);
#772=EDGE_CURVE('',#603,#601,#310,.T.);
#773=EDGE_CURVE('',#603,#604,#311,.T.);
#774=EDGE_CURVE('',#602,#604,#312,.T.);
#775=EDGE_CURVE('',#596,#603,#499,.T.);
#776=EDGE_CURVE('',#604,#598,#500,.T.);
#777=EDGE_CURVE('',#605,#605,#43,.T.);
#778=EDGE_CURVE('',#605,#606,#313,.T.);
#779=EDGE_CURVE('',#606,#606,#44,.T.);
#780=EDGE_CURVE('',#607,#607,#45,.T.);
#781=EDGE_CURVE('',#607,#608,#314,.T.);
#782=EDGE_CURVE('',#608,#608,#46,.T.);
#783=EDGE_CURVE('',#609,#609,#47,.T.);
#784=EDGE_CURVE('',#609,#610,#315,.T.);
#785=EDGE_CURVE('',#610,#610,#48,.T.);
#786=EDGE_CURVE('',#611,#611,#49,.T.);
#787=EDGE_CURVE('',#611,#612,#316,.T.);
#788=EDGE_CURVE('',#612,#612,#50,.T.);
#789=EDGE_CURVE('',#613,#614,#317,.T.);
#790=EDGE_CURVE('',#613,#615,#318,.T.);
#791=EDGE_CURVE('',#616,#615,#319,.T.);
#792=EDGE_CURVE('',#614,#616,#320,.T.);
#793=EDGE_CURVE('',#614,#617,#321,.T.);
#794=EDGE_CURVE('',#618,#616,#322,.T.);
#795=EDGE_CURVE('',#617,#618,#323,.T.);
#796=EDGE_CURVE('',#617,#619,#324,.T.);
#797=EDGE_CURVE('',#620,#618,#325,.T.);
#798=EDGE_CURVE('',#619,#620,#326,.T.);
#799=EDGE_CURVE('',#619,#613,#327,.T.);
#800=EDGE_CURVE('',#615,#620,#328,.T.);
#801=ORIENTED_EDGE('',*,*,#621,.F.);
#802=ORIENTED_EDGE('',*,*,#622,.T.);
#803=ORIENTED_EDGE('',*,*,#623,.F.);
#804=ORIENTED_EDGE('',*,*,#622,.F.);
#805=ORIENTED_EDGE('',*,*,#624,.F.);
#806=ORIENTED_EDGE('',*,*,#625,.T.);
#807=ORIENTED_EDGE('',*,*,#626,.F.);
#808=ORIENTED_EDGE('',*,*,#627,.F.);
#809=ORIENTED_EDGE('',*,*,#628,.F.);
#810=ORIENTED_EDGE('',*,*,#627,.T.);
#811=ORIENTED_EDGE('',*,*,#629,.F.);
#812=ORIENTED_EDGE('',*,*,#625,.F.);
#813=ORIENTED_EDGE('',*,*,#630,.F.);
#814=ORIENTED_EDGE('',*,*,#631,.T.);
#815=ORIENTED_EDGE('',*,*,#632,.F.);
#816=ORIENTED_EDGE('',*,*,#633,.F.);
#817=ORIENTED_EDGE('',*,*,#634,.F.);
#818=ORIENTED_EDGE('',*,*,#635,.T.);
#819=ORIENTED_EDGE('',*,*,#636,.F.);
#820=ORIENTED_EDGE('',*,*,#631,.F.);
#821=ORIENTED_EDGE('',*,*,#637,.F.);
#822=ORIENTED_EDGE('',*,*,#638,.T.);
#823=ORIENTED_EDGE('',*,*,#639,.F.);
#824=ORIENTED_EDGE('',*,*,#635,.F.);
#825=ORIENTED_EDGE('',*,*,#640,.F.);
#826=ORIENTED_EDGE('',*,*,#641,.T.);
#827=ORIENTED_EDGE('',*,*,#642,.F.);
#828=ORIENTED_EDGE('',*,*,#638,.F.);
#829=ORIENTED_EDGE('',*,*,#643,.F.);
#830=ORIENTED_EDGE('',*,*,#633,.T.);
#831=ORIENTED_EDGE('',*,*,#644,.F.);
#832=ORIENTED_EDGE('',*,*,#641,.F.);
#833=ORIENTED_EDGE('',*,*,#645,.F.);
#834=ORIENTED_EDGE('',*,*,#646,.T.);
#835=ORIENTED_EDGE('',*,*,#647,.F.);
#836=ORIENTED_EDGE('',*,*,#646,.F.);
#837=ORIENTED_EDGE('',*,*,#648,.F.);
#838=ORIENTED_EDGE('',*,*,#649,.T.);
#839=ORIENTED_EDGE('',*,*,#650,.F.);
#840=ORIENTED_EDGE('',*,*,#649,.F.);
#841=ORIENTED_EDGE('',*,*,#651,.F.);
#842=ORIENTED_EDGE('',*,*,#652,.T.);
#843=ORIENTED_EDGE('',*,*,#653,.F.);
#844=ORIENTED_EDGE('',*,*,#654,.F.);
#845=ORIENTED_EDGE('',*,*,#655,.F.);
#846=ORIENTED_EDGE('',*,*,#654,.T.);
#847=ORIENTED_EDGE('',*,*,#656,.F.);
#848=ORIENTED_EDGE('',*,*,#652,.F.);
#849=ORIENTED_EDGE('',*,*,#657,.F.);
#850=ORIENTED_EDGE('',*,*,#658,.T.);
#851=ORIENTED_EDGE('',*,*,#659,.F.);
#852=ORIENTED_EDGE('',*,*,#660,.F.);
#853=ORIENTED_EDGE('',*,*,#661,.F.);
#854=ORIENTED_EDGE('',*,*,#662,.T.);
#855=ORIENTED_EDGE('',*,*,#663,.F.);
#856=ORIENTED_EDGE('',*,*,#658,.F.);
#857=ORIENTED_EDGE('',*,*,#664,.F.);
#858=ORIENTED_EDGE('',*,*,#665,.T.);
#859=ORIENTED_EDGE('',*,*,#666,.F.);
#860=ORIENTED_EDGE('',*,*,#662,.F.);
#861=ORIENTED_EDGE('',*,*,#667,.F.);
#862=ORIENTED_EDGE('',*,*,#668,.T.);
#863=ORIENTED_EDGE('',*,*,#669,.F.);
#864=ORIENTED_EDGE('',*,*,#665,.F.);
#865=ORIENTED_EDGE('',*,*,#670,.F.);
#866=ORIENTED_EDGE('',*,*,#671,.T.);
#867=ORIENTED_EDGE('',*,*,#672,.F.);
#868=ORIENTED_EDGE('',*,*,#668,.F.);
#869=ORIENTED_EDGE('',*,*,#673,.F.);
#870=ORIENTED_EDGE('',*,*,#674,.T.);
#871=ORIENTED_EDGE('',*,*,#675,.F.);
#872=ORIENTED_EDGE('',*,*,#671,.F.);
#873=ORIENTED_EDGE('',*,*,#676,.F.);
#874=ORIENTED_EDGE('',*,*,#677,.T.);
#875=ORIENTED_EDGE('',*,*,#678,.F.);
#876=ORIENTED_EDGE('',*,*,#674,.F.);
#877=ORIENTED_EDGE('',*,*,#679,.F.);
#878=ORIENTED_EDGE('',*,*,#680,.T.);
#879=ORIENTED_EDGE('',*,*,#681,.F.);
#880=ORIENTED_EDGE('',*,*,#677,.F.);
#881=ORIENTED_EDGE('',*,*,#682,.F.);
#882=ORIENTED_EDGE('',*,*,#683,.T.);
#883=ORIENTED_EDGE('',*,*,#684,.F.);
#884=ORIENTED_EDGE('',*,*,#680,.F.);
#885=ORIENTED_EDGE('',*,*,#685,.F.);
#886=ORIENTED_EDGE('',*,*,#686,.T.);
#887=ORIENTED_EDGE('',*,*,#687,.F.);
#888=ORIENTED_EDGE('',*,*,#683,.F.);
#889=ORIENTED_EDGE('',*,*,#688,.F.);
#890=ORIENTED_EDGE('',*,*,#689,.T.);
#891=ORIENTED_EDGE('',*,*,#690,.F.);
#892=ORIENTED_EDGE('',*,*,#686,.F.);
#893=ORIENTED_EDGE('',*,*,#691,.F.);
#894=ORIENTED_EDGE('',*,*,#692,.T.);
#895=ORIENTED_EDGE('',*,*,#693,.F.);
#896=ORIENTED_EDGE('',*,*,#689,.F.);
#897=ORIENTED_EDGE('',*,*,#694,.F.);
#898=ORIENTED_EDGE('',*,*,#695,.T.);
#899=ORIENTED_EDGE('',*,*,#696,.F.);
#900=ORIENTED_EDGE('',*,*,#692,.F.);
#901=ORIENTED_EDGE('',*,*,#697,.F.);
#902=ORIENTED_EDGE('',*,*,#698,.T.);
#903=ORIENTED_EDGE('',*,*,#699,.F.);
#904=ORIENTED_EDGE('',*,*,#695,.F.);
#905=ORIENTED_EDGE('',*,*,#700,.F.);
#906=ORIENTED_EDGE('',*,*,#660,.T.);
#907=ORIENTED_EDGE('',*,*,#701,.F.);
#908=ORIENTED_EDGE('',*,*,#698,.F.);
#909=ORIENTED_EDGE('',*,*,#702,.F.);
#910=ORIENTED_EDGE('',*,*,#703,.T.);
#911=ORIENTED_EDGE('',*,*,#704,.F.);
#912=ORIENTED_EDGE('',*,*,#705,.F.);
#913=ORIENTED_EDGE('',*,*,#706,.F.);
#914=ORIENTED_EDGE('',*,*,#707,.T.);
#915=ORIENTED_EDGE('',*,*,#708,.F.);
#916=ORIENTED_EDGE('',*,*,#703,.F.);
#917=ORIENTED_EDGE('',*,*,#709,.F.);
#918=ORIENTED_EDGE('',*,*,#710,.T.);
#919=ORIENTED_EDGE('',*,*,#711,.F.);
#920=ORIENTED_EDGE('',*,*,#707,.F.);
#921=ORIENTED_EDGE('',*,*,#712,.F.);
#922=ORIENTED_EDGE('',*,*,#713,.T.);
#923=ORIENTED_EDGE('',*,*,#714,.F.);
#924=ORIENTED_EDGE('',*,*,#710,.F.);
#925=ORIENTED_EDGE('',*,*,#715,.F.);
#926=ORIENTED_EDGE('',*,*,#716,.T.);
#927=ORIENTED_EDGE('',*,*,#717,.F.);
#928=ORIENTED_EDGE('',*,*,#713,.F.);
#929=ORIENTED_EDGE('',*,*,#718,.F.);
#930=ORIENTED_EDGE('',*,*,#719,.T.);
#931=ORIENTED_EDGE('',*,*,#720,.F.);
#932=ORIENTED_EDGE('',*,*,#716,.F.);
#933=ORIENTED_EDGE('',*,*,#721,.F.);
#934=ORIENTED_EDGE('',*,*,#722,.T.);
#935=ORIENTED_EDGE('',*,*,#723,.F.);
#936=ORIENTED_EDGE('',*,*,#719,.F.);
#937=ORIENTED_EDGE('',*,*,#724,.F.);
#938=ORIENTED_EDGE('',*,*,#725,.T.);
#939=ORIENTED_EDGE('',*,*,#726,.F.);
#940=ORIENTED_EDGE('',*,*,#722,.F.);
#941=ORIENTED_EDGE('',*,*,#727,.F.);
#942=ORIENTED_EDGE('',*,*,#728,.T.);
#943=ORIENTED_EDGE('',*,*,#729,.F.);
#944=ORIENTED_EDGE('',*,*,#725,.F.);
#945=ORIENTED_EDGE('',*,*,#730,.F.);
#946=ORIENTED_EDGE('',*,*,#731,.T.);
#947=ORIENTED_EDGE('',*,*,#732,.F.);
#948=ORIENTED_EDGE('',*,*,#728,.F.);
#949=ORIENTED_EDGE('',*,*,#733,.F.);
#950=ORIENTED_EDGE('',*,*,#705,.T.);
#951=ORIENTED_EDGE('',*,*,#734,.F.);
#952=ORIENTED_EDGE('',*,*,#731,.F.);
#953=ORIENTED_EDGE('',*,*,#735,.F.);
#954=ORIENTED_EDGE('',*,*,#736,.T.);
#955=ORIENTED_EDGE('',*,*,#737,.F.);
#956=ORIENTED_EDGE('',*,*,#738,.F.);
#957=ORIENTED_EDGE('',*,*,#739,.F.);
#958=ORIENTED_EDGE('',*,*,#740,.T.);
#959=ORIENTED_EDGE('',*,*,#741,.F.);
#960=ORIENTED_EDGE('',*,*,#736,.F.);
#961=ORIENTED_EDGE('',*,*,#742,.F.);
#962=ORIENTED_EDGE('',*,*,#743,.T.);
#963=ORIENTED_EDGE('',*,*,#744,.F.);
#964=ORIENTED_EDGE('',*,*,#740,.F.);
#965=ORIENTED_EDGE('',*,*,#745,.F.);
#966=ORIENTED_EDGE('',*,*,#746,.T.);
#967=ORIENTED_EDGE('',*,*,#747,.F.);
#968=ORIENTED_EDGE('',*,*,#743,.F.);
#969=ORIENTED_EDGE('',*,*,#748,.F.);
#970=ORIENTED_EDGE('',*,*,#749,.T.);
#971=ORIENTED_EDGE('',*,*,#750,.F.);
#972=ORIENTED_EDGE('',*,*,#746,.F.);
#973=ORIENTED_EDGE('',*,*,#751,.F.);
#974=ORIENTED_EDGE('',*,*,#752,.T.);
#975=ORIENTED_EDGE('',*,*,#753,.F.);
#976=ORIENTED_EDGE('',*,*,#749,.F.);
#977=ORIENTED_EDGE('',*,*,#754,.F.);
#978=ORIENTED_EDGE('',*,*,#755,.T.);
#979=ORIENTED_EDGE('',*,*,#756,.F.);
#980=ORIENTED_EDGE('',*,*,#752,.F.);
#981=ORIENTED_EDGE('',*,*,#757,.F.);
#982=ORIENTED_EDGE('',*,*,#758,.T.);
#983=ORIENTED_EDGE('',*,*,#759,.F.);
#984=ORIENTED_EDGE('',*,*,#755,.F.);
#985=ORIENTED_EDGE('',*,*,#760,.F.);
#986=ORIENTED_EDGE('',*,*,#738,.T.);
#987=ORIENTED_EDGE('',*,*,#761,.F.);
#988=ORIENTED_EDGE('',*,*,#758,.F.);
#989=ORIENTED_EDGE('',*,*,#762,.F.);
#990=ORIENTED_EDGE('',*,*,#763,.T.);
#991=ORIENTED_EDGE('',*,*,#764,.F.);
#992=ORIENTED_EDGE('',*,*,#765,.F.);
#993=ORIENTED_EDGE('',*,*,#766,.F.);
#994=ORIENTED_EDGE('',*,*,#767,.T.);
#995=ORIENTED_EDGE('',*,*,#768,.F.);
#996=ORIENTED_EDGE('',*,*,#763,.F.);
#997=ORIENTED_EDGE('',*,*,#769,.F.);
#998=ORIENTED_EDGE('',*,*,#770,.T.);
#999=ORIENTED_EDGE('',*,*,#771,.F.);
#1000=ORIENTED_EDGE('',*,*,#767,.F.);
#1001=ORIENTED_EDGE('',*,*,#772,.F.);
#1002=ORIENTED_EDGE('',*,*,#773,.T.);
#1003=ORIENTED_EDGE('',*,*,#774,.F.);
#1004=ORIENTED_EDGE('',*,*,#770,.F.);
#1005=ORIENTED_EDGE('',*,*,#775,.F.);
#1006=ORIENTED_EDGE('',*,*,#765,.T.);
#1007=ORIENTED_EDGE('',*,*,#776,.F.);
#1008=ORIENTED_EDGE('',*,*,#773,.F.);
#1009=ORIENTED_EDGE('',*,*,#777,.F.);
#1010=ORIENTED_EDGE('',*,*,#778,.T.);
#1011=ORIENTED_EDGE('',*,*,#779,.T.);
#1012=ORIENTED_EDGE('',*,*,#778,.F.);
#1013=ORIENTED_EDGE('',*,*,#780,.F.);
#1014=ORIENTED_EDGE('',*,*,#781,.T.);
#1015=ORIENTED_EDGE('',*,*,#782,.T.);
#1016=ORIENTED_EDGE('',*,*,#781,.F.);
#1017=ORIENTED_EDGE('',*,*,#783,.F.);
#1018=ORIENTED_EDGE('',*,*,#784,.T.);
#1019=ORIENTED_EDGE('',*,*,#785,.T.);
#1020=ORIENTED_EDGE('',*,*,#784,.F.);
#1021=ORIENTED_EDGE('',*,*,#786,.F.);
#1022=ORIENTED_EDGE('',*,*,#787,.T.);
#1023=ORIENTED_EDGE('',*,*,#788,.T.);
#1024=ORIENTED_EDGE('',*,*,#787,.F.);
#1025=ORIENTED_EDGE('',*,*,#789,.F.);
#1026=ORIENTED_EDGE('',*,*,#790,.T.);
#1027=ORIENTED_EDGE('',*,*,#791,.F.);
#1028=ORIENTED_EDGE('',*,*,#792,.F.);
#1029=ORIENTED_EDGE('',*,*,#793,.F.);
#1030=ORIENTED_EDGE('',*,*,#792,.T.);
#1031=ORIENTED_EDGE('',*,*,#794,.F.);
#1032=ORIENTED_EDGE('',*,*,#795,.F.);
#1033=ORIENTED_EDGE('',*,*,#796,.F.);
#1034=ORIENTED_EDGE('',*,*,#795,.T.);
#1035=ORIENTED_EDGE('',*,*,#797,.F.);
#1036=ORIENTED_EDGE('',*,*,#798,.F.);
#1037=ORIENTED_EDGE('',*,*,#799,.F.);
#1038=ORIENTED_EDGE('',*,*,#798,.T.);
#1039=ORIENTED_EDGE('',*,*,#800,.F.);
#1040=ORIENTED_EDGE('',*,*,#790,.F.);
#1041=ORIENTED_EDGE('',*,*,#800,.T.);
#1042=ORIENTED_EDGE('',*,*,#797,.T.);
#1043=ORIENTED_EDGE('',*,*,#794,.T.);
#1044=ORIENTED_EDGE('',*,*,#791,.T.);
#1045=ORIENTED_EDGE('',*,*,#623,.T.);
#1046=ORIENTED_EDGE('',*,*,#626,.T.);
#1047=ORIENTED_EDGE('',*,*,#629,.T.);
#1048=ORIENTED_EDGE('',*,*,#632,.T.);
#1049=ORIENTED_EDGE('',*,*,#636,.T.);
#1050=ORIENTED_EDGE('',*,*,#639,.T.);
#1051=ORIENTED_EDGE('',*,*,#642,.T.);
#1052=ORIENTED_EDGE('',*,*,#644,.T.);
#1053=ORIENTED_EDGE('',*,*,#647,.T.);
#1054=ORIENTED_EDGE('',*,*,#650,.T.);
#1055=ORIENTED_EDGE('',*,*,#653,.T.);
#1056=ORIENTED_EDGE('',*,*,#656,.T.);
#1057=ORIENTED_EDGE('',*,*,#659,.T.);
#1058=ORIENTED_EDGE('',*,*,#663,.T.);
#1059=ORIENTED_EDGE('',*,*,#666,.T.);
#1060=ORIENTED_EDGE('',*,*,#669,.T.);
#1061=ORIENTED_EDGE('',*,*,#672,.T.);
#1062=ORIENTED_EDGE('',*,*,#675,.T.);
#1063=ORIENTED_EDGE('',*,*,#678,.T.);
#1064=ORIENTED_EDGE('',*,*,#681,.T.);
#1065=ORIENTED_EDGE('',*,*,#684,.T.);
#1066=ORIENTED_EDGE('',*,*,#687,.T.);
#1067=ORIENTED_EDGE('',*,*,#690,.T.);
#1068=ORIENTED_EDGE('',*,*,#693,.T.);
#1069=ORIENTED_EDGE('',*,*,#696,.T.);
#1070=ORIENTED_EDGE('',*,*,#699,.T.);
#1071=ORIENTED_EDGE('',*,*,#701,.T.);
#1072=ORIENTED_EDGE('',*,*,#704,.T.);
#1073=ORIENTED_EDGE('',*,*,#708,.T.);
#1074=ORIENTED_EDGE('',*,*,#711,.T.);
#1075=ORIENTED_EDGE('',*,*,#714,.T.);
#1076=ORIENTED_EDGE('',*,*,#717,.T.);
#1077=ORIENTED_EDGE('',*,*,#720,.T.);
#1078=ORIENTED_EDGE('',*,*,#723,.T.);
#1079=ORIENTED_EDGE('',*,*,#726,.T.);
#1080=ORIENTED_EDGE('',*,*,#729,.T.);
#1081=ORIENTED_EDGE('',*,*,#732,.T.);
#1082=ORIENTED_EDGE('',*,*,#734,.T.);
#1083=ORIENTED_EDGE('',*,*,#737,.T.);
#1084=ORIENTED_EDGE('',*,*,#741,.T.);
#1085=ORIENTED_EDGE('',*,*,#744,.T.);
#1086=ORIENTED_EDGE('',*,*,#747,.T.);
#1087=ORIENTED_EDGE('',*,*,#750,.T.);
#1088=ORIENTED_EDGE('',*,*,#753,.T.);
#1089=ORIENTED_EDGE('',*,*,#756,.T.);
#1090=ORIENTED_EDGE('',*,*,#759,.T.);
#1091=ORIENTED_EDGE('',*,*,#761,.T.);
#1092=ORIENTED_EDGE('',*,*,#764,.T.);
#1093=ORIENTED_EDGE('',*,*,#768,.T.);
#1094=ORIENTED_EDGE('',*,*,#771,.T.);
#1095=ORIENTED_EDGE('',*,*,#774,.T.);
#1096=ORIENTED_EDGE('',*,*,#776,.T.);
#1097=ORIENTED_EDGE('',*,*,#786,.T.);
#1098=ORIENTED_EDGE('',*,*,#783,.T.);
#1099=ORIENTED_EDGE('',*,*,#780,.T.);
#1100=ORIENTED_EDGE('',*,*,#777,.T.);
#1101=ORIENTED_EDGE('',*,*,#799,.T.);
#1102=ORIENTED_EDGE('',*,*,#789,.T.);
#1103=ORIENTED_EDGE('',*,*,#793,.T.);
#1104=ORIENTED_EDGE('',*,*,#796,.T.);
#1105=ORIENTED_EDGE('',*,*,#621,.T.);
#1106=ORIENTED_EDGE('',*,*,#624,.T.);
#1107=ORIENTED_EDGE('',*,*,#628,.T.);
#1108=ORIENTED_EDGE('',*,*,#630,.T.);
#1109=ORIENTED_EDGE('',*,*,#643,.T.);
#1110=ORIENTED_EDGE('',*,*,#640,.T.);
#1111=ORIENTED_EDGE('',*,*,#637,.T.);
#1112=ORIENTED_EDGE('',*,*,#634,.T.);
#1113=ORIENTED_EDGE('',*,*,#645,.T.);
#1114=ORIENTED_EDGE('',*,*,#648,.T.);
#1115=ORIENTED_EDGE('',*,*,#651,.T.);
#1116=ORIENTED_EDGE('',*,*,#655,.T.);
#1117=ORIENTED_EDGE('',*,*,#657,.T.);
#1118=ORIENTED_EDGE('',*,*,#700,.T.);
#1119=ORIENTED_EDGE('',*,*,#697,.T.);
#1120=ORIENTED_EDGE('',*,*,#694,.T.);
#1121=ORIENTED_EDGE('',*,*,#691,.T.);
#1122=ORIENTED_EDGE('',*,*,#688,.T.);
#1123=ORIENTED_EDGE('',*,*,#685,.T.);
#1124=ORIENTED_EDGE('',*,*,#682,.T.);
#1125=ORIENTED_EDGE('',*,*,#679,.T.);
#1126=ORIENTED_EDGE('',*,*,#676,.T.);
#1127=ORIENTED_EDGE('',*,*,#673,.T.);
#1128=ORIENTED_EDGE('',*,*,#670,.T.);
#1129=ORIENTED_EDGE('',*,*,#667,.T.);
#1130=ORIENTED_EDGE('',*,*,#664,.T.);
#1131=ORIENTED_EDGE('',*,*,#661,.T.);
#1132=ORIENTED_EDGE('',*,*,#702,.T.);
#1133=ORIENTED_EDGE('',*,*,#733,.T.);
#1134=ORIENTED_EDGE('',*,*,#730,.T.);
#1135=ORIENTED_EDGE('',*,*,#727,.T.);
#1136=ORIENTED_EDGE('',*,*,#724,.T.);
#1137=ORIENTED_EDGE('',*,*,#721,.T.);
#1138=ORIENTED_EDGE('',*,*,#718,.T.);
#1139=ORIENTED_EDGE('',*,*,#715,.T.);
#1140=ORIENTED_EDGE('',*,*,#712,.T.);
#1141=ORIENTED_EDGE('',*,*,#709,.T.);
#1142=ORIENTED_EDGE('',*,*,#706,.T.);
#1143=ORIENTED_EDGE('',*,*,#735,.T.);
#1144=ORIENTED_EDGE('',*,*,#760,.T.);
#1145=ORIENTED_EDGE('',*,*,#757,.T.);
#1146=ORIENTED_EDGE('',*,*,#754,.T.);
#1147=ORIENTED_EDGE('',*,*,#751,.T.);
#1148=ORIENTED_EDGE('',*,*,#748,.T.);
#1149=ORIENTED_EDGE('',*,*,#745,.T.);
#1150=ORIENTED_EDGE('',*,*,#742,.T.);
#1151=ORIENTED_EDGE('',*,*,#739,.T.);
#1152=ORIENTED_EDGE('',*,*,#762,.T.);
#1153=ORIENTED_EDGE('',*,*,#775,.T.);
#1154=ORIENTED_EDGE('',*,*,#772,.T.);
#1155=ORIENTED_EDGE('',*,*,#769,.T.);
#1156=ORIENTED_EDGE('',*,*,#766,.T.);
#1157=ORIENTED_EDGE('',*,*,#788,.F.);
#1158=ORIENTED_EDGE('',*,*,#785,.F.);
#1159=ORIENTED_EDGE('',*,*,#782,.F.);
#1160=ORIENTED_EDGE('',*,*,#779,.F.);
#1161=B_SPLINE_SURFACE_WITH_KNOTS('',3,1,((#1478,#1479),(#1480,#1481),(#1482,
#1483),(#1484,#1485),(#1486,#1487),(#1488,#1489),(#1490,#1491),(#1492,#1493),
(#1494,#1495),(#1496,#1497),(#1498,#1499),(#1500,#1501),(#1502,#1503),(#1504,
#1505),(#1506,#1507),(#1508,#1509),(#1510,#1511),(#1512,#1513),(#1514,#1515),
(#1516,#1517),(#1518,#1519),(#1520,#1521),(#1522,#1523),(#1524,#1525),(#1526,
#1527),(#1528,#1529),(#1530,#1531),(#1532,#1533),(#1534,#1535),(#1536,#1537),
(#1538,#1539),(#1540,#1541),(#1542,#1543),(#1544,#1545),(#1546,#1547),(#1548,
#1549),(#1550,#1551),(#1552,#1553),(#1554,#1555),(#1556,#1557)),
 .UNSPECIFIED.,.T.,.F.,.F.,(4,3,3,3,3,3,3,3,3,3,3,3,3,4),(2,2),(0.,1.,2.,
3.,4.,5.,6.,7.,8.,9.,10.,11.,12.,13.),(0.,0.15),.UNSPECIFIED.);
#1162=B_SPLINE_SURFACE_WITH_KNOTS('',3,1,((#1641,#1642),(#1643,#1644),(#1645,
#1646),(#1647,#1648),(#1649,#1650),(#1651,#1652)),.UNSPECIFIED.,.F.,.F.,
 .F.,(4,2,4),(2,2),(1.,2.,3.66073061986339),(0.,0.15),.UNSPECIFIED.);
#1163=B_SPLINE_SURFACE_WITH_KNOTS('',3,1,((#1673,#1674),(#1675,#1676),(#1677,
#1678),(#1679,#1680)),.UNSPECIFIED.,.F.,.F.,.F.,(4,4),(2,2),(0.,1.),(0.,
0.15),.UNSPECIFIED.);
#1164=B_SPLINE_SURFACE_WITH_KNOTS('',3,1,((#1689,#1690),(#1691,#1692),(#1693,
#1694),(#1695,#1696)),.UNSPECIFIED.,.F.,.F.,.F.,(4,4),(2,2),(8.,9.),(0.,
0.15),.UNSPECIFIED.);
#1165=B_SPLINE_SURFACE_WITH_KNOTS('',3,1,((#1711,#1712),(#1713,#1714),(#1715,
#1716),(#1717,#1718),(#1719,#1720),(#1721,#1722),(#1723,#1724),(#1725,#1726),
(#1727,#1728),(#1729,#1730),(#1731,#1732),(#1733,#1734)),.UNSPECIFIED.,
 .F.,.F.,.F.,(4,3,3,2,4),(2,2),(4.,5.,6.,7.,8.07436177465584),(0.,0.15),
 .UNSPECIFIED.);
#1166=B_SPLINE_SURFACE_WITH_KNOTS('',3,1,((#1764,#1765),(#1766,#1767),(#1768,
#1769),(#1770,#1771),(#1772,#1773),(#1774,#1775),(#1776,#1777),(#1778,#1779),
(#1780,#1781),(#1782,#1783),(#1784,#1785),(#1786,#1787),(#1788,#1789)),
 .UNSPECIFIED.,.F.,.F.,.F.,(4,3,3,3,4),(2,2),(0.,1.,2.,3.,4.),(0.,0.15),
 .UNSPECIFIED.);
#1167=B_SPLINE_SURFACE_WITH_KNOTS('',3,1,((#1819,#1820),(#1821,#1822),(#1823,
#1824),(#1825,#1826),(#1827,#1828),(#1829,#1830)),.UNSPECIFIED.,.F.,.F.,
 .F.,(4,2,4),(2,2),(12.,13.,13.7993078905304),(0.,0.15),.UNSPECIFIED.);
#1168=B_SPLINE_SURFACE_WITH_KNOTS('',3,1,((#1848,#1849),(#1850,#1851),(#1852,
#1853),(#1854,#1855),(#1856,#1857),(#1858,#1859),(#1860,#1861),(#1862,#1863),
(#1864,#1865),(#1866,#1867)),.UNSPECIFIED.,.F.,.F.,.F.,(4,3,3,4),(2,2),
(9.,10.,11.,12.),(0.,0.15),.UNSPECIFIED.);
#1169=B_SPLINE_SURFACE_WITH_KNOTS('',3,1,((#1888,#1889),(#1890,#1891),(#1892,
#1893),(#1894,#1895),(#1896,#1897),(#1898,#1899),(#1900,#1901),(#1902,#1903),
(#1904,#1905),(#1906,#1907),(#1908,#1909),(#1910,#1911),(#1912,#1913),(#1914,
#1915),(#1916,#1917),(#1918,#1919),(#1920,#1921),(#1922,#1923),(#1924,#1925),
(#1926,#1927),(#1928,#1929),(#1930,#1931),(#1932,#1933),(#1934,#1935),(#1936,
#1937),(#1938,#1939),(#1940,#1941),(#1942,#1943),(#1944,#1945),(#1946,#1947),
(#1948,#1949),(#1950,#1951),(#1952,#1953),(#1954,#1955),(#1956,#1957),(#1958,
#1959),(#1960,#1961)),.UNSPECIFIED.,.T.,.F.,.F.,(4,3,3,3,3,3,3,3,3,3,3,
3,4),(2,2),(0.,1.,2.,3.,4.,5.,6.,7.,8.,9.,10.,11.,12.),(0.,0.15),
 .UNSPECIFIED.);
#1170=B_SPLINE_SURFACE_WITH_KNOTS('',3,1,((#2039,#2040),(#2041,#2042),(#2043,
#2044),(#2045,#2046),(#2047,#2048),(#2049,#2050),(#2051,#2052),(#2053,#2054),
(#2055,#2056),(#2057,#2058),(#2059,#2060),(#2061,#2062),(#2063,#2064),(#2065,
#2066),(#2067,#2068),(#2069,#2070),(#2071,#2072),(#2073,#2074),(#2075,#2076),
(#2077,#2078),(#2079,#2080),(#2081,#2082),(#2083,#2084),(#2085,#2086),(#2087,
#2088),(#2089,#2090),(#2091,#2092),(#2093,#2094),(#2095,#2096),(#2097,#2098),
(#2099,#2100),(#2101,#2102),(#2103,#2104),(#2105,#2106),(#2107,#2108),(#2109,
#2110),(#2111,#2112),(#2113,#2114),(#2115,#2116),(#2117,#2118)),
 .UNSPECIFIED.,.T.,.F.,.F.,(4,3,3,3,3,3,3,3,3,3,3,3,3,4),(2,2),(0.,1.,2.,
3.,4.,5.,6.,7.,8.,9.,10.,11.,12.,13.),(0.,0.15),.UNSPECIFIED.);
#1171=B_SPLINE_SURFACE_WITH_KNOTS('',3,1,((#2202,#2203),(#2204,#2205),(#2206,
#2207),(#2208,#2209),(#2210,#2211),(#2212,#2213)),.UNSPECIFIED.,.F.,.F.,
 .F.,(4,2,4),(2,2),(2.,3.,4.00191016313031),(0.,0.15),.UNSPECIFIED.);
#1172=B_SPLINE_SURFACE_WITH_KNOTS('',3,1,((#2234,#2235),(#2236,#2237),(#2238,
#2239),(#2240,#2241),(#2242,#2243),(#2244,#2245)),.UNSPECIFIED.,.F.,.F.,
 .F.,(4,2,4),(2,2),(0.,1.,1.92314621451187),(0.,0.15),.UNSPECIFIED.);
#1173=B_SPLINE_SURFACE_WITH_KNOTS('',3,1,((#2281,#2282),(#2283,#2284),(#2285,
#2286),(#2287,#2288),(#2289,#2290),(#2291,#2292),(#2293,#2294),(#2295,#2296),
(#2297,#2298),(#2299,#2300)),.UNSPECIFIED.,.F.,.F.,.F.,(4,3,3,4),(2,2),
(18.,19.,20.,21.),(0.,0.15),.UNSPECIFIED.);
#1174=B_SPLINE_SURFACE_WITH_KNOTS('',3,1,((#2324,#2325),(#2326,#2327),(#2328,
#2329),(#2330,#2331),(#2332,#2333),(#2334,#2335),(#2336,#2337),(#2338,#2339),
(#2340,#2341),(#2342,#2343),(#2344,#2345)),.UNSPECIFIED.,.F.,.F.,.F.,(4,
3,2,2,4),(2,2),(14.,15.,16.,17.0414384239621,17.188867656565),(0.,0.15),
 .UNSPECIFIED.);
#1175=B_SPLINE_SURFACE_WITH_KNOTS('',3,1,((#2375,#2376),(#2377,#2378),(#2379,
#2380),(#2381,#2382),(#2383,#2384),(#2385,#2386),(#2387,#2388),(#2389,#2390),
(#2391,#2392),(#2393,#2394)),.UNSPECIFIED.,.F.,.F.,.F.,(4,2,2,2,4),(2,2),
(10.,11.,11.6910271103893,13.7230893442977,13.8834527512318),(0.,0.15),
 .UNSPECIFIED.);
#1176=B_SPLINE_SURFACE_WITH_KNOTS('',3,1,((#2442,#2443),(#2444,#2445),(#2446,
#2447),(#2448,#2449),(#2450,#2451),(#2452,#2453),(#2454,#2455),(#2456,#2457)),
 .UNSPECIFIED.,.F.,.F.,.F.,(4,2,2,4),(2,2),(4.,5.,6.28449426359187,6.34144495503971),
(0.,0.15),.UNSPECIFIED.);
#1177=B_SPLINE_SURFACE_WITH_KNOTS('',3,1,((#2481,#2482),(#2483,#2484),(#2485,
#2486),(#2487,#2488)),.UNSPECIFIED.,.F.,.F.,.F.,(4,4),(2,2),(3.,4.),(0.,
0.15),.UNSPECIFIED.);
#1178=B_SPLINE_SURFACE_WITH_KNOTS('',3,1,((#2506,#2507),(#2508,#2509),(#2510,
#2511),(#2512,#2513)),.UNSPECIFIED.,.F.,.F.,.F.,(4,4),(2,2),(1.,2.),(0.,
0.15),.UNSPECIFIED.);
#1179=B_SPLINE_SURFACE_WITH_KNOTS('',3,1,((#2534,#2535),(#2536,#2537),(#2538,
#2539),(#2540,#2541),(#2542,#2543),(#2544,#2545),(#2546,#2547),(#2548,#2549),
(#2550,#2551),(#2552,#2553),(#2554,#2555),(#2556,#2557),(#2558,#2559),(#2560,
#2561),(#2562,#2563),(#2564,#2565),(#2566,#2567),(#2568,#2569),(#2570,#2571),
(#2572,#2573),(#2574,#2575),(#2576,#2577),(#2578,#2579),(#2580,#2581),(#2582,
#2583)),.UNSPECIFIED.,.F.,.F.,.F.,(4,3,3,3,3,3,3,3,4),(2,2),(29.,30.,31.,
32.,33.,34.,35.,36.,37.),(0.,0.15),.UNSPECIFIED.);
#1180=B_SPLINE_SURFACE_WITH_KNOTS('',3,1,((#2640,#2641),(#2642,#2643),(#2644,
#2645),(#2646,#2647),(#2648,#2649),(#2650,#2651),(#2652,#2653),(#2654,#2655),
(#2656,#2657),(#2658,#2659),(#2660,#2661),(#2662,#2663),(#2664,#2665),(#2666,
#2667),(#2668,#2669)),.UNSPECIFIED.,.F.,.F.,.F.,(4,3,2,2,2,2,4),(2,2),(23.,
24.,25.,25.7937027617394,26.6647007437816,27.1433831092641,27.4970744449072),
(0.,0.15),.UNSPECIFIED.);
#1181=B_SPLINE_SURFACE_WITH_KNOTS('',3,1,((#2723,#2724),(#2725,#2726),(#2727,
#2728),(#2729,#2730)),.UNSPECIFIED.,.F.,.F.,.F.,(4,4),(2,2),(20.,21.),(0.,
0.15),.UNSPECIFIED.);
#1182=B_SPLINE_SURFACE_WITH_KNOTS('',3,1,((#2742,#2743),(#2744,#2745),(#2746,
#2747),(#2748,#2749),(#2750,#2751),(#2752,#2753)),.UNSPECIFIED.,.F.,.F.,
 .F.,(4,2,4),(2,2),(18.,19.,19.9973541354144),(0.,0.15),.UNSPECIFIED.);
#1183=B_SPLINE_SURFACE_WITH_KNOTS('',3,1,((#2777,#2778),(#2779,#2780),(#2781,
#2782),(#2783,#2784)),.UNSPECIFIED.,.F.,.F.,.F.,(4,4),(2,2),(16.,17.),(0.,
0.15),.UNSPECIFIED.);
#1184=B_SPLINE_SURFACE_WITH_KNOTS('',3,1,((#2796,#2797),(#2798,#2799),(#2800,
#2801),(#2802,#2803),(#2804,#2805),(#2806,#2807),(#2808,#2809),(#2810,#2811),
(#2812,#2813),(#2814,#2815),(#2816,#2817),(#2818,#2819),(#2820,#2821),(#2822,
#2823),(#2824,#2825),(#2826,#2827),(#2828,#2829),(#2830,#2831),(#2832,#2833),
(#2834,#2835),(#2836,#2837)),.UNSPECIFIED.,.F.,.F.,.F.,(4,3,2,2,2,2,2,2,
2,4),(2,2),(7.,8.,9.,10.3161483650084,11.5396752713019,12.7908655259069,
15.3276434226176,17.7146820304297,21.0299263659664,22.6338883399181),(0.,
0.15),.UNSPECIFIED.);
#1185=B_SPLINE_SURFACE_WITH_KNOTS('',3,1,((#2897,#2898),(#2899,#2900),(#2901,
#2902),(#2903,#2904),(#2905,#2906),(#2907,#2908),(#2909,#2910),(#2911,#2912),
(#2913,#2914),(#2915,#2916),(#2917,#2918),(#2919,#2920),(#2921,#2922),(#2923,
#2924),(#2925,#2926),(#2927,#2928),(#2929,#2930)),.UNSPECIFIED.,.F.,.F.,
 .F.,(4,3,2,2,2,2,2,4),(2,2),(0.,1.,2.,3.11283190236584,3.64250417002643,
4.35868017330418,4.97132380479615,5.57096860613776),(0.,0.15),
 .UNSPECIFIED.);
#1186=B_SPLINE_SURFACE_WITH_KNOTS('',3,1,((#2981,#2982),(#2983,#2984),(#2985,
#2986),(#2987,#2988),(#2989,#2990),(#2991,#2992),(#2993,#2994),(#2995,#2996),
(#2997,#2998),(#2999,#3000),(#3001,#3002),(#3003,#3004),(#3005,#3006)),
 .UNSPECIFIED.,.F.,.F.,.F.,(4,3,3,3,4),(2,2),(25.,26.,27.,28.,29.),(0.,
0.15),.UNSPECIFIED.);
#1187=B_SPLINE_SURFACE_WITH_KNOTS('',3,1,((#3039,#3040),(#3041,#3042),(#3043,
#3044),(#3045,#3046),(#3047,#3048),(#3049,#3050),(#3051,#3052),(#3053,#3054),
(#3055,#3056),(#3057,#3058),(#3059,#3060)),.UNSPECIFIED.,.F.,.F.,.F.,(4,
3,2,2,4),(2,2),(21.,22.,23.,23.8166356782162,24.0512449575681),(0.,0.15),
 .UNSPECIFIED.);
#1188=B_SPLINE_SURFACE_WITH_KNOTS('',3,1,((#3096,#3097),(#3098,#3099),(#3100,
#3101),(#3102,#3103),(#3104,#3105),(#3106,#3107),(#3108,#3109)),
 .UNSPECIFIED.,.F.,.F.,.F.,(4,3,4),(2,2),(18.,19.,20.),(0.,0.15),
 .UNSPECIFIED.);
#1189=B_SPLINE_SURFACE_WITH_KNOTS('',3,1,((#3127,#3128),(#3129,#3130),(#3131,
#3132),(#3133,#3134)),.UNSPECIFIED.,.F.,.F.,.F.,(4,4),(2,2),(17.,18.),(0.,
0.15),.UNSPECIFIED.);
#1190=B_SPLINE_SURFACE_WITH_KNOTS('',3,1,((#3146,#3147),(#3148,#3149),(#3150,
#3151),(#3152,#3153)),.UNSPECIFIED.,.F.,.F.,.F.,(4,4),(2,2),(16.,17.),(0.,
0.15),.UNSPECIFIED.);
#1191=B_SPLINE_SURFACE_WITH_KNOTS('',3,1,((#3165,#3166),(#3167,#3168),(#3169,
#3170),(#3171,#3172),(#3173,#3174),(#3175,#3176),(#3177,#3178),(#3179,#3180),
(#3181,#3182),(#3183,#3184),(#3185,#3186),(#3187,#3188),(#3189,#3190)),
 .UNSPECIFIED.,.F.,.F.,.F.,(4,3,3,3,4),(2,2),(12.,13.,14.,15.,16.),(0.,
0.15),.UNSPECIFIED.);
#1192=B_SPLINE_SURFACE_WITH_KNOTS('',3,1,((#3220,#3221),(#3222,#3223),(#3224,
#3225),(#3226,#3227),(#3228,#3229),(#3230,#3231),(#3232,#3233),(#3234,#3235),
(#3236,#3237),(#3238,#3239),(#3240,#3241),(#3242,#3243),(#3244,#3245),(#3246,
#3247),(#3248,#3249),(#3250,#3251),(#3252,#3253),(#3254,#3255),(#3256,#3257),
(#3258,#3259),(#3260,#3261),(#3262,#3263),(#3264,#3265),(#3266,#3267),(#3268,
#3269),(#3270,#3271)),.UNSPECIFIED.,.F.,.F.,.F.,(4,2,2,2,2,2,2,2,2,2,2,
2,4),(2,2),(0.,1.,3.09929505961221,3.6272236622401,5.26265549666795,8.23372703724375,
9.87715907656731,11.2393205606104,14.160410588243,18.1046315713975,19.0663996717487,
22.6778404995259,22.7181544182302),(0.,0.15),.UNSPECIFIED.);
#1193=B_SPLINE_SURFACE_WITH_KNOTS('',3,1,((#3349,#3350),(#3351,#3352),(#3353,
#3354),(#3355,#3356),(#3357,#3358),(#3359,#3360),(#3361,#3362),(#3363,#3364),
(#3365,#3366),(#3367,#3368),(#3369,#3370),(#3371,#3372),(#3373,#3374)),
 .UNSPECIFIED.,.F.,.F.,.F.,(4,3,3,3,4),(2,2),(29.,30.,31.,32.,33.),(0.,
0.15),.UNSPECIFIED.);
#1194=B_SPLINE_SURFACE_WITH_KNOTS('',3,1,((#3401,#3402),(#3403,#3404),(#3405,
#3406),(#3407,#3408)),.UNSPECIFIED.,.F.,.F.,.F.,(4,4),(2,2),(3.,4.),(0.,
0.15),.UNSPECIFIED.);
#1195=B_SPLINE_SURFACE_WITH_KNOTS('',3,1,((#3423,#3424),(#3425,#3426),(#3427,
#3428),(#3429,#3430)),.UNSPECIFIED.,.F.,.F.,.F.,(4,4),(2,2),(2.,3.),(0.,
0.15),.UNSPECIFIED.);
#1196=B_SPLINE_SURFACE_WITH_KNOTS('',3,1,((#3454,#3455),(#3456,#3457),(#3458,
#3459),(#3460,#3461),(#3462,#3463),(#3464,#3465),(#3466,#3467)),
 .UNSPECIFIED.,.F.,.F.,.F.,(4,3,4),(2,2),(4.,5.,6.),(0.,0.15),
 .UNSPECIFIED.);
#1197=ADVANCED_FACE('',(#77),#1161,.F.);
#1198=ADVANCED_FACE('',(#78),#1162,.F.);
#1199=ADVANCED_FACE('',(#79),#1163,.F.);
#1200=ADVANCED_FACE('',(#80),#1164,.F.);
#1201=ADVANCED_FACE('',(#81),#1165,.F.);
#1202=ADVANCED_FACE('',(#82),#1166,.F.);
#1203=ADVANCED_FACE('',(#83),#1167,.F.);
#1204=ADVANCED_FACE('',(#84),#1168,.F.);
#1205=ADVANCED_FACE('',(#85),#1169,.F.);
#1206=ADVANCED_FACE('',(#86),#1170,.F.);
#1207=ADVANCED_FACE('',(#87),#1171,.F.);
#1208=ADVANCED_FACE('',(#88),#1172,.F.);
#1209=ADVANCED_FACE('',(#89),#55,.F.);
#1210=ADVANCED_FACE('',(#90),#56,.F.);
#1211=ADVANCED_FACE('',(#91),#57,.F.);
#1212=ADVANCED_FACE('',(#92),#1173,.F.);
#1213=ADVANCED_FACE('',(#93),#1174,.F.);
#1214=ADVANCED_FACE('',(#94),#1175,.F.);
#1215=ADVANCED_FACE('',(#95),#58,.F.);
#1216=ADVANCED_FACE('',(#96),#59,.F.);
#1217=ADVANCED_FACE('',(#97),#60,.F.);
#1218=ADVANCED_FACE('',(#98),#1176,.F.);
#1219=ADVANCED_FACE('',(#99),#1177,.F.);
#1220=ADVANCED_FACE('',(#100),#61,.F.);
#1221=ADVANCED_FACE('',(#101),#1178,.F.);
#1222=ADVANCED_FACE('',(#102),#62,.F.);
#1223=ADVANCED_FACE('',(#103),#63,.F.);
#1224=ADVANCED_FACE('',(#104),#1179,.F.);
#1225=ADVANCED_FACE('',(#105),#1180,.F.);
#1226=ADVANCED_FACE('',(#106),#64,.F.);
#1227=ADVANCED_FACE('',(#107),#65,.F.);
#1228=ADVANCED_FACE('',(#108),#1181,.F.);
#1229=ADVANCED_FACE('',(#109),#1182,.F.);
#1230=ADVANCED_FACE('',(#110),#66,.F.);
#1231=ADVANCED_FACE('',(#111),#1183,.F.);
#1232=ADVANCED_FACE('',(#112),#1184,.F.);
#1233=ADVANCED_FACE('',(#113),#1185,.F.);
#1234=ADVANCED_FACE('',(#114),#67,.F.);
#1235=ADVANCED_FACE('',(#115),#1186,.F.);
#1236=ADVANCED_FACE('',(#116),#1187,.F.);
#1237=ADVANCED_FACE('',(#117),#68,.F.);
#1238=ADVANCED_FACE('',(#118),#1188,.F.);
#1239=ADVANCED_FACE('',(#119),#1189,.F.);
#1240=ADVANCED_FACE('',(#120),#1190,.F.);
#1241=ADVANCED_FACE('',(#121),#1191,.F.);
#1242=ADVANCED_FACE('',(#122),#1192,.F.);
#1243=ADVANCED_FACE('',(#123),#1193,.F.);
#1244=ADVANCED_FACE('',(#124),#1194,.F.);
#1245=ADVANCED_FACE('',(#125),#1195,.F.);
#1246=ADVANCED_FACE('',(#126),#69,.F.);
#1247=ADVANCED_FACE('',(#127),#70,.F.);
#1248=ADVANCED_FACE('',(#128),#1196,.F.);
#1249=ADVANCED_FACE('',(#129),#51,.F.);
#1250=ADVANCED_FACE('',(#130),#52,.F.);
#1251=ADVANCED_FACE('',(#131),#53,.F.);
#1252=ADVANCED_FACE('',(#132),#54,.F.);
#1253=ADVANCED_FACE('',(#133),#71,.T.);
#1254=ADVANCED_FACE('',(#134),#72,.T.);
#1255=ADVANCED_FACE('',(#135),#73,.T.);
#1256=ADVANCED_FACE('',(#136),#74,.T.);
#1257=ADVANCED_FACE('',(#137,#15,#16,#17,#18,#19,#20,#21,#22,#23,#24,#25,
#26,#27,#28),#75,.T.);
#1258=ADVANCED_FACE('',(#138,#29,#30,#31,#32,#33,#34,#35,#36,#37,#38,#39,
#40,#41,#42),#76,.F.);
#1259=CLOSED_SHELL('',(#1197,#1198,#1199,#1200,#1201,#1202,#1203,#1204,
#1205,#1206,#1207,#1208,#1209,#1210,#1211,#1212,#1213,#1214,#1215,#1216,
#1217,#1218,#1219,#1220,#1221,#1222,#1223,#1224,#1225,#1226,#1227,#1228,
#1229,#1230,#1231,#1232,#1233,#1234,#1235,#1236,#1237,#1238,#1239,#1240,
#1241,#1242,#1243,#1244,#1245,#1246,#1247,#1248,#1249,#1250,#1251,#1252,
#1253,#1254,#1255,#1256,#1257,#1258));
#1260=DERIVED_UNIT_ELEMENT(#1262,1.);
#1261=DERIVED_UNIT_ELEMENT(#3537,-3.);
#1262=(
MASS_UNIT()
NAMED_UNIT(*)
SI_UNIT(.KILO.,.GRAM.)
);
#1263=DERIVED_UNIT((#1260,#1261));
#1264=MEASURE_REPRESENTATION_ITEM('density measure',
POSITIVE_RATIO_MEASURE(7850.),#1263);
#1265=PROPERTY_DEFINITION_REPRESENTATION(#1270,#1267);
#1266=PROPERTY_DEFINITION_REPRESENTATION(#1271,#1268);
#1267=REPRESENTATION('material name',(#1269),#3534);
#1268=REPRESENTATION('density',(#1264),#3534);
#1269=DESCRIPTIVE_REPRESENTATION_ITEM('Steel','Steel');
#1270=PROPERTY_DEFINITION('material property','material name',#3544);
#1271=PROPERTY_DEFINITION('material property','density of part',#3544);
#1272=AXIS2_PLACEMENT_3D('',#1477,#1307,#1308);
#1273=AXIS2_PLACEMENT_3D('',#2260,#1321,#1322);
#1274=AXIS2_PLACEMENT_3D('',#2269,#1327,#1328);
#1275=AXIS2_PLACEMENT_3D('',#2275,#1332,#1333);
#1276=AXIS2_PLACEMENT_3D('',#2424,#1340,#1341);
#1277=AXIS2_PLACEMENT_3D('',#2430,#1345,#1346);
#1278=AXIS2_PLACEMENT_3D('',#2436,#1350,#1351);
#1279=AXIS2_PLACEMENT_3D('',#2500,#1357,#1358);
#1280=AXIS2_PLACEMENT_3D('',#2525,#1363,#1364);
#1281=AXIS2_PLACEMENT_3D('',#2531,#1368,#1369);
#1282=AXIS2_PLACEMENT_3D('',#2711,#1375,#1376);
#1283=AXIS2_PLACEMENT_3D('',#2717,#1380,#1381);
#1284=AXIS2_PLACEMENT_3D('',#2771,#1387,#1388);
#1285=AXIS2_PLACEMENT_3D('',#2978,#1395,#1396);
#1286=AXIS2_PLACEMENT_3D('',#3090,#1402,#1403);
#1287=AXIS2_PLACEMENT_3D('',#3442,#1415,#1416);
#1288=AXIS2_PLACEMENT_3D('',#3448,#1420,#1421);
#1289=AXIS2_PLACEMENT_3D('',#3482,#1425,#1426);
#1290=AXIS2_PLACEMENT_3D('',#3484,#1427,#1428);
#1291=AXIS2_PLACEMENT_3D('',#3487,#1430,#1431);
#1292=AXIS2_PLACEMENT_3D('',#3488,#1432,#1433);
#1293=AXIS2_PLACEMENT_3D('',#3490,#1434,#1435);
#1294=AXIS2_PLACEMENT_3D('',#3493,#1437,#1438);
#1295=AXIS2_PLACEMENT_3D('',#3494,#1439,#1440);
#1296=AXIS2_PLACEMENT_3D('',#3496,#1441,#1442);
#1297=AXIS2_PLACEMENT_3D('',#3499,#1444,#1445);
#1298=AXIS2_PLACEMENT_3D('',#3500,#1446,#1447);
#1299=AXIS2_PLACEMENT_3D('',#3502,#1448,#1449);
#1300=AXIS2_PLACEMENT_3D('',#3505,#1451,#1452);
#1301=AXIS2_PLACEMENT_3D('',#3506,#1453,#1454);
#1302=AXIS2_PLACEMENT_3D('',#3515,#1459,#1460);
#1303=AXIS2_PLACEMENT_3D('',#3521,#1464,#1465);
#1304=AXIS2_PLACEMENT_3D('',#3527,#1469,#1470);
#1305=AXIS2_PLACEMENT_3D('',#3530,#1473,#1474);
#1306=AXIS2_PLACEMENT_3D('',#3531,#1475,#1476);
#1307=DIRECTION('axis',(0.,0.,1.));
#1308=DIRECTION('refdir',(1.,0.,0.));
#1309=DIRECTION('',(0.,0.,1.));
#1310=DIRECTION('',(0.,0.,1.));
#1311=DIRECTION('',(0.,0.,1.));
#1312=DIRECTION('',(0.,0.,1.));
#1313=DIRECTION('',(0.,0.,1.));
#1314=DIRECTION('',(0.,0.,1.));
#1315=DIRECTION('',(0.,0.,1.));
#1316=DIRECTION('',(0.,0.,1.));
#1317=DIRECTION('',(0.,0.,1.));
#1318=DIRECTION('',(0.,0.,1.));
#1319=DIRECTION('',(0.,0.,1.));
#1320=DIRECTION('',(0.,0.,1.));
#1321=DIRECTION('center_axis',(0.683497438324898,0.729952910675273,-4.05205264161919E-16));
#1322=DIRECTION('ref_axis',(-0.729952910675273,0.683497438324898,8.93934495586768E-17));
#1323=DIRECTION('',(-0.729952910675273,0.683497438324898,0.));
#1324=DIRECTION('',(0.,5.55111512312578E-16,1.));
#1325=DIRECTION('',(0.729952910675273,-0.683497438324898,0.));
#1326=DIRECTION('',(0.,5.55111512312578E-16,1.));
#1327=DIRECTION('center_axis',(0.73285101428665,-0.680389146635239,3.77691848149752E-16));
#1328=DIRECTION('ref_axis',(0.680389146635239,0.73285101428665,-8.33236390601143E-17));
#1329=DIRECTION('',(0.680389146635239,0.73285101428665,0.));
#1330=DIRECTION('',(0.,5.55111512312578E-16,1.));
#1331=DIRECTION('',(-0.680389146635239,-0.73285101428665,0.));
#1332=DIRECTION('center_axis',(-0.615253897006516,-0.788329019013188,4.37610513944302E-16));
#1333=DIRECTION('ref_axis',(0.788329019013188,-0.615253897006516,-9.65424609809477E-17));
#1334=DIRECTION('',(0.788329019013188,-0.615253897006516,0.));
#1335=DIRECTION('',(0.,5.55111512312578E-16,1.));
#1336=DIRECTION('',(-0.788329019013188,0.615253897006516,0.));
#1337=DIRECTION('',(0.,5.55111512312578E-16,1.));
#1338=DIRECTION('',(0.,5.55111512312578E-16,1.));
#1339=DIRECTION('',(0.,5.55111512312578E-16,1.));
#1340=DIRECTION('center_axis',(-0.864982313756987,0.501802348427754,-2.78556260517734E-16));
#1341=DIRECTION('ref_axis',(-0.501802348427754,-0.864982313756987,6.14530639806675E-17));
#1342=DIRECTION('',(-0.501802348427754,-0.864982313756987,0.));
#1343=DIRECTION('',(0.,5.55111512312578E-16,1.));
#1344=DIRECTION('',(0.501802348427754,0.864982313756987,0.));
#1345=DIRECTION('center_axis',(0.19154799096813,0.98148324853564,-5.44832650404081E-16));
#1346=DIRECTION('ref_axis',(-0.98148324853564,0.19154799096813,1.20197031873592E-16));
#1347=DIRECTION('',(-0.98148324853564,0.19154799096813,0.));
#1348=DIRECTION('',(0.,5.55111512312578E-16,1.));
#1349=DIRECTION('',(0.98148324853564,-0.19154799096813,0.));
#1350=DIRECTION('center_axis',(0.850122826800728,-0.526584446553769,2.92313088486745E-16));
#1351=DIRECTION('ref_axis',(0.526584446553769,0.850122826800728,-6.44879956952857E-17));
#1352=DIRECTION('',(0.526584446553769,0.850122826800728,0.));
#1353=DIRECTION('',(0.,5.55111512312578E-16,1.));
#1354=DIRECTION('',(-0.526584446553769,-0.850122826800728,0.));
#1355=DIRECTION('',(0.,5.55111512312578E-16,1.));
#1356=DIRECTION('',(0.,5.55111512312578E-16,1.));
#1357=DIRECTION('center_axis',(7.07340876047052E-16,-1.,5.55111512312578E-16));
#1358=DIRECTION('ref_axis',(1.,7.07340876047052E-16,-1.22464679914736E-16));
#1359=DIRECTION('',(1.,7.07340876047052E-16,0.));
#1360=DIRECTION('',(0.,5.55111512312578E-16,1.));
#1361=DIRECTION('',(-1.,-7.07340876047052E-16,0.));
#1362=DIRECTION('',(0.,5.55111512312578E-16,1.));
#1363=DIRECTION('center_axis',(-0.648989930664236,-0.76079699650855,4.22327171294728E-16));
#1364=DIRECTION('ref_axis',(0.76079699650855,-0.648989930664236,-9.31707606575117E-17));
#1365=DIRECTION('',(0.76079699650855,-0.648989930664236,0.));
#1366=DIRECTION('',(0.,5.55111512312578E-16,1.));
#1367=DIRECTION('',(-0.76079699650855,0.648989930664236,0.));
#1368=DIRECTION('center_axis',(0.75369954616282,-0.657219137057009,3.64829909092484E-16));
#1369=DIRECTION('ref_axis',(0.657219137057009,0.75369954616282,-8.04861312535176E-17));
#1370=DIRECTION('',(0.657219137057009,0.75369954616282,0.));
#1371=DIRECTION('',(-0.657219137057009,-0.75369954616282,0.));
#1372=DIRECTION('',(0.,7.40148683083438E-16,1.));
#1373=DIRECTION('',(0.,7.40148683083438E-16,1.));
#1374=DIRECTION('',(0.,7.40148683083438E-16,1.));
#1375=DIRECTION('center_axis',(-0.929242720160465,0.3694698458992,-2.73462619881334E-16));
#1376=DIRECTION('ref_axis',(-0.3694698458992,-0.929242720160465,4.52470064161763E-17));
#1377=DIRECTION('',(-0.3694698458992,-0.929242720160465,0.));
#1378=DIRECTION('',(0.,7.40148683083438E-16,1.));
#1379=DIRECTION('',(0.3694698458992,0.929242720160465,0.));
#1380=DIRECTION('center_axis',(-0.412409082919049,-0.910998764173623,6.74274535593746E-16));
#1381=DIRECTION('ref_axis',(0.910998764173623,-0.412409082919049,-1.11565172057242E-16));
#1382=DIRECTION('',(0.910998764173623,-0.412409082919049,0.));
#1383=DIRECTION('',(0.,7.40148683083438E-16,1.));
#1384=DIRECTION('',(-0.910998764173623,0.412409082919049,0.));
#1385=DIRECTION('',(0.,7.40148683083438E-16,1.));
#1386=DIRECTION('',(0.,7.40148683083438E-16,1.));
#1387=DIRECTION('center_axis',(-0.810409021154479,0.585864505181393,-4.33626841975338E-16));
#1388=DIRECTION('ref_axis',(-0.585864505181393,-0.810409021154479,7.17477091004464E-17));
#1389=DIRECTION('',(-0.585864505181393,-0.810409021154479,0.));
#1390=DIRECTION('',(0.,7.40148683083438E-16,1.));
#1391=DIRECTION('',(0.585864505181393,0.810409021154479,0.));
#1392=DIRECTION('',(0.,7.40148683083438E-16,1.));
#1393=DIRECTION('',(0.,7.40148683083438E-16,1.));
#1394=DIRECTION('',(0.,7.40148683083438E-16,1.));
#1395=DIRECTION('center_axis',(0.989910025568061,-0.141697358055263,1.04877112961005E-16));
#1396=DIRECTION('ref_axis',(0.141697358055263,0.989910025568061,-1.7352921598997E-17));
#1397=DIRECTION('',(0.141697358055263,0.989910025568061,0.));
#1398=DIRECTION('',(-0.141697358055263,-0.989910025568061,0.));
#1399=DIRECTION('',(0.,7.40148683083438E-16,1.));
#1400=DIRECTION('',(0.,7.40148683083438E-16,1.));
#1401=DIRECTION('',(0.,7.40148683083438E-16,1.));
#1402=DIRECTION('center_axis',(2.10331163096014E-15,-1.,7.40148683083438E-16));
#1403=DIRECTION('ref_axis',(1.,2.10331163096014E-15,-1.22464679914736E-16));
#1404=DIRECTION('',(1.,2.10331163096014E-15,0.));
#1405=DIRECTION('',(0.,7.40148683083438E-16,1.));
#1406=DIRECTION('',(-1.,-2.10331163096014E-15,0.));
#1407=DIRECTION('',(0.,7.40148683083438E-16,1.));
#1408=DIRECTION('',(0.,7.40148683083438E-16,1.));
#1409=DIRECTION('',(0.,7.40148683083438E-16,1.));
#1410=DIRECTION('',(0.,7.40148683083438E-16,1.));
#1411=DIRECTION('',(0.,7.40148683083438E-16,1.));
#1412=DIRECTION('',(0.,7.40148683083438E-16,1.));
#1413=DIRECTION('',(0.,7.40148683083438E-16,1.));
#1414=DIRECTION('',(0.,7.40148683083438E-16,1.));
#1415=DIRECTION('center_axis',(0.802628102774097,-0.596479780577057,4.41483724080007E-16));
#1416=DIRECTION('ref_axis',(0.596479780577057,0.802628102774097,-7.3047705403981E-17));
#1417=DIRECTION('',(0.596479780577057,0.802628102774097,0.));
#1418=DIRECTION('',(0.,7.40148683083438E-16,1.));
#1419=DIRECTION('',(-0.596479780577057,-0.802628102774097,0.));
#1420=DIRECTION('center_axis',(-0.663360267513417,-0.748300177391752,5.53853390847608E-16));
#1421=DIRECTION('ref_axis',(0.748300177391752,-0.663360267513417,-9.16403417044163E-17));
#1422=DIRECTION('',(0.748300177391752,-0.663360267513417,0.));
#1423=DIRECTION('',(0.,7.40148683083438E-16,1.));
#1424=DIRECTION('',(-0.748300177391752,0.663360267513417,0.));
#1425=DIRECTION('center_axis',(0.,0.,1.));
#1426=DIRECTION('ref_axis',(1.,0.,0.));
#1427=DIRECTION('center_axis',(0.,0.,-1.));
#1428=DIRECTION('ref_axis',(1.,0.,0.));
#1429=DIRECTION('',(0.,0.,-1.));
#1430=DIRECTION('center_axis',(0.,0.,-1.));
#1431=DIRECTION('ref_axis',(1.,0.,0.));
#1432=DIRECTION('center_axis',(0.,0.,1.));
#1433=DIRECTION('ref_axis',(1.,0.,0.));
#1434=DIRECTION('center_axis',(0.,0.,-1.));
#1435=DIRECTION('ref_axis',(1.,0.,0.));
#1436=DIRECTION('',(0.,0.,-1.));
#1437=DIRECTION('center_axis',(0.,0.,-1.));
#1438=DIRECTION('ref_axis',(1.,0.,0.));
#1439=DIRECTION('center_axis',(0.,0.,1.));
#1440=DIRECTION('ref_axis',(1.,0.,0.));
#1441=DIRECTION('center_axis',(0.,0.,-1.));
#1442=DIRECTION('ref_axis',(1.,0.,0.));
#1443=DIRECTION('',(0.,0.,-1.));
#1444=DIRECTION('center_axis',(0.,0.,-1.));
#1445=DIRECTION('ref_axis',(1.,0.,0.));
#1446=DIRECTION('center_axis',(0.,0.,1.));
#1447=DIRECTION('ref_axis',(1.,0.,0.));
#1448=DIRECTION('center_axis',(0.,0.,-1.));
#1449=DIRECTION('ref_axis',(1.,0.,0.));
#1450=DIRECTION('',(0.,0.,-1.));
#1451=DIRECTION('center_axis',(0.,0.,-1.));
#1452=DIRECTION('ref_axis',(1.,0.,0.));
#1453=DIRECTION('center_axis',(-1.,0.,0.));
#1454=DIRECTION('ref_axis',(0.,-1.,0.));
#1455=DIRECTION('',(0.,1.,0.));
#1456=DIRECTION('',(0.,0.,1.));
#1457=DIRECTION('',(0.,-1.,0.));
#1458=DIRECTION('',(0.,0.,1.));
#1459=DIRECTION('center_axis',(0.,1.,0.));
#1460=DIRECTION('ref_axis',(-1.,0.,0.));
#1461=DIRECTION('',(1.,0.,0.));
#1462=DIRECTION('',(-1.,0.,0.));
#1463=DIRECTION('',(0.,0.,1.));
#1464=DIRECTION('center_axis',(1.,0.,0.));
#1465=DIRECTION('ref_axis',(0.,1.,0.));
#1466=DIRECTION('',(0.,-1.,0.));
#1467=DIRECTION('',(0.,1.,0.));
#1468=DIRECTION('',(0.,0.,1.));
#1469=DIRECTION('center_axis',(0.,-1.,0.));
#1470=DIRECTION('ref_axis',(1.,0.,0.));
#1471=DIRECTION('',(-1.,0.,0.));
#1472=DIRECTION('',(1.,0.,0.));
#1473=DIRECTION('center_axis',(0.,0.,1.));
#1474=DIRECTION('ref_axis',(1.,0.,0.));
#1475=DIRECTION('center_axis',(0.,0.,1.));
#1476=DIRECTION('ref_axis',(1.,0.,0.));
#1477=CARTESIAN_POINT('',(0.,0.,0.));
#1478=CARTESIAN_POINT('Ctrl Pts',(-34.0802869029301,32.0825323057585,0.));
#1479=CARTESIAN_POINT('Ctrl Pts',(-34.0802869029301,32.0825323057585,1.5));
#1480=CARTESIAN_POINT('Ctrl Pts',(-34.8432833894238,32.1006794091248,0.));
#1481=CARTESIAN_POINT('Ctrl Pts',(-34.8432833894238,32.1006794091248,1.5));
#1482=CARTESIAN_POINT('Ctrl Pts',(-35.6570976887828,32.0506947710539,0.));
#1483=CARTESIAN_POINT('Ctrl Pts',(-35.6570976887828,32.0506947710539,1.5));
#1484=CARTESIAN_POINT('Ctrl Pts',(-36.4670491912989,31.9400994585265,0.));
#1485=CARTESIAN_POINT('Ctrl Pts',(-36.4670491912989,31.9400994585265,1.5));
#1486=CARTESIAN_POINT('Ctrl Pts',(-37.5559987918928,31.7914081837648,0.));
#1487=CARTESIAN_POINT('Ctrl Pts',(-37.5559987918928,31.7914081837648,1.5));
#1488=CARTESIAN_POINT('Ctrl Pts',(-38.6248832716593,31.5419052580092,0.));
#1489=CARTESIAN_POINT('Ctrl Pts',(-38.6248832716593,31.5419052580092,1.5));
#1490=CARTESIAN_POINT('Ctrl Pts',(-39.6708127361024,31.1825701528091,0.));
#1491=CARTESIAN_POINT('Ctrl Pts',(-39.6708127361024,31.1825701528091,1.5));
#1492=CARTESIAN_POINT('Ctrl Pts',(-39.8478294305509,31.1217550455918,0.));
#1493=CARTESIAN_POINT('Ctrl Pts',(-39.8478294305509,31.1217550455918,1.5));
#1494=CARTESIAN_POINT('Ctrl Pts',(-39.8510687348206,31.1233063670152,0.));
#1495=CARTESIAN_POINT('Ctrl Pts',(-39.8510687348206,31.1233063670152,1.5));
#1496=CARTESIAN_POINT('Ctrl Pts',(-39.8607460903987,30.9222470107193,0.));
#1497=CARTESIAN_POINT('Ctrl Pts',(-39.8607460903987,30.9222470107193,1.5));
#1498=CARTESIAN_POINT('Ctrl Pts',(-39.8750186216968,30.6257170411071,0.));
#1499=CARTESIAN_POINT('Ctrl Pts',(-39.8750186216968,30.6257170411071,1.5));
#1500=CARTESIAN_POINT('Ctrl Pts',(-39.8882532195763,30.3290291141057,0.));
#1501=CARTESIAN_POINT('Ctrl Pts',(-39.8882532195763,30.3290291141057,1.5));
#1502=CARTESIAN_POINT('Ctrl Pts',(-39.8951165850416,30.0322282550511,0.));
#1503=CARTESIAN_POINT('Ctrl Pts',(-39.8951165850416,30.0322282550511,1.5));
#1504=CARTESIAN_POINT('Ctrl Pts',(-39.8988608622842,29.870309920997,0.));
#1505=CARTESIAN_POINT('Ctrl Pts',(-39.8988608622842,29.870309920997,1.5));
#1506=CARTESIAN_POINT('Ctrl Pts',(-39.864257063317,29.8471865676897,0.));
#1507=CARTESIAN_POINT('Ctrl Pts',(-39.864257063317,29.8471865676897,1.5));
#1508=CARTESIAN_POINT('Ctrl Pts',(-39.7263445396357,29.8978471934208,0.));
#1509=CARTESIAN_POINT('Ctrl Pts',(-39.7263445396357,29.8978471934208,1.5));
#1510=CARTESIAN_POINT('Ctrl Pts',(-38.7808562298639,30.2451617672961,0.));
#1511=CARTESIAN_POINT('Ctrl Pts',(-38.7808562298639,30.2451617672961,1.5));
#1512=CARTESIAN_POINT('Ctrl Pts',(-37.8104746365945,30.4812965913615,0.));
#1513=CARTESIAN_POINT('Ctrl Pts',(-37.8104746365945,30.4812965913615,1.5));
#1514=CARTESIAN_POINT('Ctrl Pts',(-36.8228235400898,30.6377617896776,0.));
#1515=CARTESIAN_POINT('Ctrl Pts',(-36.8228235400898,30.6377617896776,1.5));
#1516=CARTESIAN_POINT('Ctrl Pts',(-35.4032044063613,30.8626600255812,0.));
#1517=CARTESIAN_POINT('Ctrl Pts',(-35.4032044063613,30.8626600255812,1.5));
#1518=CARTESIAN_POINT('Ctrl Pts',(-33.9777328284804,30.9082709208184,0.));
#1519=CARTESIAN_POINT('Ctrl Pts',(-33.9777328284804,30.9082709208184,1.5));
#1520=CARTESIAN_POINT('Ctrl Pts',(-32.5483853832029,30.7739632082456,0.));
#1521=CARTESIAN_POINT('Ctrl Pts',(-32.5483853832029,30.7739632082456,1.5));
#1522=CARTESIAN_POINT('Ctrl Pts',(-31.1957550413667,30.6468641689122,0.));
#1523=CARTESIAN_POINT('Ctrl Pts',(-31.1957550413667,30.6468641689122,1.5));
#1524=CARTESIAN_POINT('Ctrl Pts',(-29.8738460696578,30.3555127998977,0.));
#1525=CARTESIAN_POINT('Ctrl Pts',(-29.8738460696578,30.3555127998977,1.5));
#1526=CARTESIAN_POINT('Ctrl Pts',(-28.5848011800861,29.8964536927074,0.));
#1527=CARTESIAN_POINT('Ctrl Pts',(-28.5848011800861,29.8964536927074,1.5));
#1528=CARTESIAN_POINT('Ctrl Pts',(-28.4521181719447,29.8492021627184,0.));
#1529=CARTESIAN_POINT('Ctrl Pts',(-28.4521181719447,29.8492021627184,1.5));
#1530=CARTESIAN_POINT('Ctrl Pts',(-28.4196784240179,29.8683060474504,0.));
#1531=CARTESIAN_POINT('Ctrl Pts',(-28.4196784240179,29.8683060474504,1.5));
#1532=CARTESIAN_POINT('Ctrl Pts',(-28.4238846021755,30.0168298368849,0.));
#1533=CARTESIAN_POINT('Ctrl Pts',(-28.4238846021755,30.0168298368849,1.5));
#1534=CARTESIAN_POINT('Ctrl Pts',(-28.4332215110756,30.3465241673391,0.));
#1535=CARTESIAN_POINT('Ctrl Pts',(-28.4332215110756,30.3465241673391,1.5));
#1536=CARTESIAN_POINT('Ctrl Pts',(-28.4513675777543,30.6759220591157,0.));
#1537=CARTESIAN_POINT('Ctrl Pts',(-28.4513675777543,30.6759220591157,1.5));
#1538=CARTESIAN_POINT('Ctrl Pts',(-28.4629874573903,31.0055599347457,0.));
#1539=CARTESIAN_POINT('Ctrl Pts',(-28.4629874573903,31.0055599347457,1.5));
#1540=CARTESIAN_POINT('Ctrl Pts',(-28.4660855957113,31.0934492904499,0.));
#1541=CARTESIAN_POINT('Ctrl Pts',(-28.4660855957113,31.0934492904499,1.5));
#1542=CARTESIAN_POINT('Ctrl Pts',(-28.5063479874624,31.1305950858627,0.));
#1543=CARTESIAN_POINT('Ctrl Pts',(-28.5063479874624,31.1305950858627,1.5));
#1544=CARTESIAN_POINT('Ctrl Pts',(-28.5818023447011,31.1567745925565,0.));
#1545=CARTESIAN_POINT('Ctrl Pts',(-28.5818023447011,31.1567745925565,1.5));
#1546=CARTESIAN_POINT('Ctrl Pts',(-29.4756509171397,31.4669026692073,0.));
#1547=CARTESIAN_POINT('Ctrl Pts',(-29.4756509171397,31.4669026692073,1.5));
#1548=CARTESIAN_POINT('Ctrl Pts',(-30.3868188917379,31.698694645495,0.));
#1549=CARTESIAN_POINT('Ctrl Pts',(-30.3868188917379,31.698694645495,1.5));
#1550=CARTESIAN_POINT('Ctrl Pts',(-31.3147920406604,31.8544848719598,0.));
#1551=CARTESIAN_POINT('Ctrl Pts',(-31.3147920406604,31.8544848719598,1.5));
#1552=CARTESIAN_POINT('Ctrl Pts',(-32.2130732390034,32.0052903467534,0.));
#1553=CARTESIAN_POINT('Ctrl Pts',(-32.2130732390034,32.0052903467534,1.5));
#1554=CARTESIAN_POINT('Ctrl Pts',(-33.1166050636083,32.0877137353311,0.));
#1555=CARTESIAN_POINT('Ctrl Pts',(-33.1166050636083,32.0877137353311,1.5));
#1556=CARTESIAN_POINT('Ctrl Pts',(-34.0802869029301,32.0825323057585,0.));
#1557=CARTESIAN_POINT('Ctrl Pts',(-34.0802869029301,32.0825323057585,1.5));
#1558=CARTESIAN_POINT('',(-34.0802869029301,32.0825323057585,0.));
#1559=CARTESIAN_POINT('Ctrl Pts',(-34.0802869029301,32.0825323057585,0.));
#1560=CARTESIAN_POINT('Ctrl Pts',(-34.8432833894238,32.1006794091248,0.));
#1561=CARTESIAN_POINT('Ctrl Pts',(-35.6570976887828,32.0506947710539,0.));
#1562=CARTESIAN_POINT('Ctrl Pts',(-36.4670491912989,31.9400994585265,0.));
#1563=CARTESIAN_POINT('Ctrl Pts',(-37.5559987918928,31.7914081837648,0.));
#1564=CARTESIAN_POINT('Ctrl Pts',(-38.6248832716593,31.5419052580092,0.));
#1565=CARTESIAN_POINT('Ctrl Pts',(-39.6708127361024,31.1825701528091,0.));
#1566=CARTESIAN_POINT('Ctrl Pts',(-39.8478294305509,31.1217550455918,0.));
#1567=CARTESIAN_POINT('Ctrl Pts',(-39.8510687348206,31.1233063670152,0.));
#1568=CARTESIAN_POINT('Ctrl Pts',(-39.8607460903987,30.9222470107193,0.));
#1569=CARTESIAN_POINT('Ctrl Pts',(-39.8750186216968,30.6257170411071,0.));
#1570=CARTESIAN_POINT('Ctrl Pts',(-39.8882532195763,30.3290291141057,0.));
#1571=CARTESIAN_POINT('Ctrl Pts',(-39.8951165850416,30.0322282550511,0.));
#1572=CARTESIAN_POINT('Ctrl Pts',(-39.8988608622842,29.870309920997,0.));
#1573=CARTESIAN_POINT('Ctrl Pts',(-39.864257063317,29.8471865676897,0.));
#1574=CARTESIAN_POINT('Ctrl Pts',(-39.7263445396357,29.8978471934208,0.));
#1575=CARTESIAN_POINT('Ctrl Pts',(-38.7808562298639,30.2451617672961,0.));
#1576=CARTESIAN_POINT('Ctrl Pts',(-37.8104746365945,30.4812965913615,0.));
#1577=CARTESIAN_POINT('Ctrl Pts',(-36.8228235400898,30.6377617896776,0.));
#1578=CARTESIAN_POINT('Ctrl Pts',(-35.4032044063613,30.8626600255812,0.));
#1579=CARTESIAN_POINT('Ctrl Pts',(-33.9777328284804,30.9082709208184,0.));
#1580=CARTESIAN_POINT('Ctrl Pts',(-32.5483853832029,30.7739632082456,0.));
#1581=CARTESIAN_POINT('Ctrl Pts',(-31.1957550413667,30.6468641689122,0.));
#1582=CARTESIAN_POINT('Ctrl Pts',(-29.8738460696578,30.3555127998977,0.));
#1583=CARTESIAN_POINT('Ctrl Pts',(-28.5848011800861,29.8964536927074,0.));
#1584=CARTESIAN_POINT('Ctrl Pts',(-28.4521181719447,29.8492021627184,0.));
#1585=CARTESIAN_POINT('Ctrl Pts',(-28.4196784240179,29.8683060474504,0.));
#1586=CARTESIAN_POINT('Ctrl Pts',(-28.4238846021755,30.0168298368849,0.));
#1587=CARTESIAN_POINT('Ctrl Pts',(-28.4332215110756,30.3465241673391,0.));
#1588=CARTESIAN_POINT('Ctrl Pts',(-28.4513675777543,30.6759220591157,0.));
#1589=CARTESIAN_POINT('Ctrl Pts',(-28.4629874573903,31.0055599347457,0.));
#1590=CARTESIAN_POINT('Ctrl Pts',(-28.4660855957113,31.0934492904499,0.));
#1591=CARTESIAN_POINT('Ctrl Pts',(-28.5063479874624,31.1305950858627,0.));
#1592=CARTESIAN_POINT('Ctrl Pts',(-28.5818023447011,31.1567745925565,0.));
#1593=CARTESIAN_POINT('Ctrl Pts',(-29.4756509171397,31.4669026692073,0.));
#1594=CARTESIAN_POINT('Ctrl Pts',(-30.3868188917379,31.698694645495,0.));
#1595=CARTESIAN_POINT('Ctrl Pts',(-31.3147920406604,31.8544848719598,0.));
#1596=CARTESIAN_POINT('Ctrl Pts',(-32.2130732390034,32.0052903467534,0.));
#1597=CARTESIAN_POINT('Ctrl Pts',(-33.1166050636083,32.0877137353311,0.));
#1598=CARTESIAN_POINT('Ctrl Pts',(-34.0802869029301,32.0825323057585,0.));
#1599=CARTESIAN_POINT('',(-34.0802869029301,32.0825323057585,1.5));
#1600=CARTESIAN_POINT('',(-34.0802869029301,32.0825323057585,0.));
#1601=CARTESIAN_POINT('Ctrl Pts',(-34.0802869029301,32.0825323057585,1.5));
#1602=CARTESIAN_POINT('Ctrl Pts',(-33.1166050636083,32.0877137353311,1.5));
#1603=CARTESIAN_POINT('Ctrl Pts',(-32.2130732390034,32.0052903467534,1.5));
#1604=CARTESIAN_POINT('Ctrl Pts',(-31.3147920406604,31.8544848719598,1.5));
#1605=CARTESIAN_POINT('Ctrl Pts',(-30.3868188917379,31.698694645495,1.5));
#1606=CARTESIAN_POINT('Ctrl Pts',(-29.4756509171397,31.4669026692073,1.5));
#1607=CARTESIAN_POINT('Ctrl Pts',(-28.5818023447011,31.1567745925565,1.5));
#1608=CARTESIAN_POINT('Ctrl Pts',(-28.5063479874624,31.1305950858627,1.5));
#1609=CARTESIAN_POINT('Ctrl Pts',(-28.4660855957113,31.0934492904499,1.5));
#1610=CARTESIAN_POINT('Ctrl Pts',(-28.4629874573903,31.0055599347457,1.5));
#1611=CARTESIAN_POINT('Ctrl Pts',(-28.4513675777543,30.6759220591157,1.5));
#1612=CARTESIAN_POINT('Ctrl Pts',(-28.4332215110756,30.3465241673391,1.5));
#1613=CARTESIAN_POINT('Ctrl Pts',(-28.4238846021755,30.0168298368849,1.5));
#1614=CARTESIAN_POINT('Ctrl Pts',(-28.4196784240179,29.8683060474504,1.5));
#1615=CARTESIAN_POINT('Ctrl Pts',(-28.4521181719447,29.8492021627184,1.5));
#1616=CARTESIAN_POINT('Ctrl Pts',(-28.5848011800861,29.8964536927074,1.5));
#1617=CARTESIAN_POINT('Ctrl Pts',(-29.8738460696578,30.3555127998977,1.5));
#1618=CARTESIAN_POINT('Ctrl Pts',(-31.1957550413667,30.6468641689122,1.5));
#1619=CARTESIAN_POINT('Ctrl Pts',(-32.5483853832029,30.7739632082456,1.5));
#1620=CARTESIAN_POINT('Ctrl Pts',(-33.9777328284804,30.9082709208184,1.5));
#1621=CARTESIAN_POINT('Ctrl Pts',(-35.4032044063613,30.8626600255812,1.5));
#1622=CARTESIAN_POINT('Ctrl Pts',(-36.8228235400898,30.6377617896776,1.5));
#1623=CARTESIAN_POINT('Ctrl Pts',(-37.8104746365945,30.4812965913615,1.5));
#1624=CARTESIAN_POINT('Ctrl Pts',(-38.7808562298639,30.2451617672961,1.5));
#1625=CARTESIAN_POINT('Ctrl Pts',(-39.7263445396357,29.8978471934208,1.5));
#1626=CARTESIAN_POINT('Ctrl Pts',(-39.864257063317,29.8471865676897,1.5));
#1627=CARTESIAN_POINT('Ctrl Pts',(-39.8988608622842,29.870309920997,1.5));
#1628=CARTESIAN_POINT('Ctrl Pts',(-39.8951165850416,30.0322282550511,1.5));
#1629=CARTESIAN_POINT('Ctrl Pts',(-39.8882532195763,30.3290291141057,1.5));
#1630=CARTESIAN_POINT('Ctrl Pts',(-39.8750186216968,30.6257170411071,1.5));
#1631=CARTESIAN_POINT('Ctrl Pts',(-39.8607460903987,30.9222470107193,1.5));
#1632=CARTESIAN_POINT('Ctrl Pts',(-39.8510687348206,31.1233063670152,1.5));
#1633=CARTESIAN_POINT('Ctrl Pts',(-39.8478294305509,31.1217550455918,1.5));
#1634=CARTESIAN_POINT('Ctrl Pts',(-39.6708127361024,31.1825701528091,1.5));
#1635=CARTESIAN_POINT('Ctrl Pts',(-38.6248832716593,31.5419052580092,1.5));
#1636=CARTESIAN_POINT('Ctrl Pts',(-37.5559987918928,31.7914081837648,1.5));
#1637=CARTESIAN_POINT('Ctrl Pts',(-36.4670491912989,31.9400994585265,1.5));
#1638=CARTESIAN_POINT('Ctrl Pts',(-35.6570976887828,32.0506947710539,1.5));
#1639=CARTESIAN_POINT('Ctrl Pts',(-34.8432833894238,32.1006794091248,1.5));
#1640=CARTESIAN_POINT('Ctrl Pts',(-34.0802869029301,32.0825323057585,1.5));
#1641=CARTESIAN_POINT('Ctrl Pts',(-37.6549652121837,25.4626355724879,0.));
#1642=CARTESIAN_POINT('Ctrl Pts',(-37.6549652121837,25.4626355724879,1.5));
#1643=CARTESIAN_POINT('Ctrl Pts',(-37.4438322633228,25.037997655889,0.));
#1644=CARTESIAN_POINT('Ctrl Pts',(-37.4438322633228,25.037997655889,1.5));
#1645=CARTESIAN_POINT('Ctrl Pts',(-35.7884644605031,24.3009971096063,0.));
#1646=CARTESIAN_POINT('Ctrl Pts',(-35.7884644605031,24.3009971096063,1.5));
#1647=CARTESIAN_POINT('Ctrl Pts',(-33.3073154288299,24.0112306351349,0.));
#1648=CARTESIAN_POINT('Ctrl Pts',(-33.3073154288299,24.0112306351349,1.5));
#1649=CARTESIAN_POINT('Ctrl Pts',(-31.9155922034589,24.4277155978452,0.));
#1650=CARTESIAN_POINT('Ctrl Pts',(-31.9155922034589,24.4277155978452,1.5));
#1651=CARTESIAN_POINT('Ctrl Pts',(-30.6730412680685,25.4383128342641,0.));
#1652=CARTESIAN_POINT('Ctrl Pts',(-30.6730412680685,25.4383128342641,1.5));
#1653=CARTESIAN_POINT('',(-37.6549652121837,25.4626355724879,0.));
#1654=CARTESIAN_POINT('',(-30.6730412680685,25.4383128342641,0.));
#1655=CARTESIAN_POINT('Ctrl Pts',(-37.6549652121837,25.4626355724879,0.));
#1656=CARTESIAN_POINT('Ctrl Pts',(-37.4438322633228,25.037997655889,0.));
#1657=CARTESIAN_POINT('Ctrl Pts',(-35.7884644605031,24.3009971096063,0.));
#1658=CARTESIAN_POINT('Ctrl Pts',(-34.8559578309853,24.1920919702225,0.));
#1659=CARTESIAN_POINT('Ctrl Pts',(-33.3073154288299,24.0112306351349,0.));
#1660=CARTESIAN_POINT('Ctrl Pts',(-31.9155922034589,24.4277155978452,0.));
#1661=CARTESIAN_POINT('Ctrl Pts',(-30.6730412680685,25.4383128342641,0.));
#1662=CARTESIAN_POINT('',(-37.6549652121837,25.4626355724879,1.5));
#1663=CARTESIAN_POINT('',(-37.6549652121837,25.4626355724879,0.));
#1664=CARTESIAN_POINT('',(-30.6730412680685,25.4383128342641,1.5));
#1665=CARTESIAN_POINT('Ctrl Pts',(-30.6730412680685,25.4383128342641,1.5));
#1666=CARTESIAN_POINT('Ctrl Pts',(-31.9155922034589,24.4277155978452,1.5));
#1667=CARTESIAN_POINT('Ctrl Pts',(-33.3073154288299,24.0112306351349,1.5));
#1668=CARTESIAN_POINT('Ctrl Pts',(-34.8559578309853,24.1920919702225,1.5));
#1669=CARTESIAN_POINT('Ctrl Pts',(-35.7884644605031,24.3009971096063,1.5));
#1670=CARTESIAN_POINT('Ctrl Pts',(-37.4438322633228,25.037997655889,1.5));
#1671=CARTESIAN_POINT('Ctrl Pts',(-37.6549652121837,25.4626355724879,1.5));
#1672=CARTESIAN_POINT('',(-30.6730412680685,25.4383128342641,0.));
#1673=CARTESIAN_POINT('Ctrl Pts',(-30.6730412680685,25.4383128342641,0.));
#1674=CARTESIAN_POINT('Ctrl Pts',(-30.6730412680685,25.4383128342641,1.5));
#1675=CARTESIAN_POINT('Ctrl Pts',(-32.9994772565628,25.996240808315,0.));
#1676=CARTESIAN_POINT('Ctrl Pts',(-32.9994772565628,25.996240808315,1.5));
#1677=CARTESIAN_POINT('Ctrl Pts',(-35.322638878334,25.9794300674281,0.));
#1678=CARTESIAN_POINT('Ctrl Pts',(-35.322638878334,25.9794300674281,1.5));
#1679=CARTESIAN_POINT('Ctrl Pts',(-37.6549652121837,25.4626355724879,0.));
#1680=CARTESIAN_POINT('Ctrl Pts',(-37.6549652121837,25.4626355724879,1.5));
#1681=CARTESIAN_POINT('Ctrl Pts',(-30.6730412680685,25.4383128342641,0.));
#1682=CARTESIAN_POINT('Ctrl Pts',(-32.9994772565628,25.996240808315,0.));
#1683=CARTESIAN_POINT('Ctrl Pts',(-35.322638878334,25.9794300674281,0.));
#1684=CARTESIAN_POINT('Ctrl Pts',(-37.6549652121837,25.4626355724879,0.));
#1685=CARTESIAN_POINT('Ctrl Pts',(-37.6549652121837,25.4626355724879,1.5));
#1686=CARTESIAN_POINT('Ctrl Pts',(-35.322638878334,25.9794300674281,1.5));
#1687=CARTESIAN_POINT('Ctrl Pts',(-32.9994772565628,25.996240808315,1.5));
#1688=CARTESIAN_POINT('Ctrl Pts',(-30.6730412680685,25.4383128342641,1.5));
#1689=CARTESIAN_POINT('Ctrl Pts',(-28.8271331888471,32.0632854594261,0.));
#1690=CARTESIAN_POINT('Ctrl Pts',(-28.8271331888471,32.0632854594261,1.5));
#1691=CARTESIAN_POINT('Ctrl Pts',(-28.7913818993431,32.0517153029901,0.));
#1692=CARTESIAN_POINT('Ctrl Pts',(-28.7913818993431,32.0517153029901,1.5));
#1693=CARTESIAN_POINT('Ctrl Pts',(-28.7502643388983,32.0591701620928,0.));
#1694=CARTESIAN_POINT('Ctrl Pts',(-28.7502643388983,32.0591701620928,1.5));
#1695=CARTESIAN_POINT('Ctrl Pts',(-28.7116485276885,32.0577517894407,0.));
#1696=CARTESIAN_POINT('Ctrl Pts',(-28.7116485276885,32.0577517894407,1.5));
#1697=CARTESIAN_POINT('',(-28.8271331888471,32.0632854594261,0.));
#1698=CARTESIAN_POINT('',(-28.7116485276885,32.0577517894407,0.));
#1699=CARTESIAN_POINT('Ctrl Pts',(-28.8271331888471,32.0632854594261,0.));
#1700=CARTESIAN_POINT('Ctrl Pts',(-28.7913818993431,32.0517153029901,0.));
#1701=CARTESIAN_POINT('Ctrl Pts',(-28.7502643388983,32.0591701620928,0.));
#1702=CARTESIAN_POINT('Ctrl Pts',(-28.7116485276885,32.0577517894407,0.));
#1703=CARTESIAN_POINT('',(-28.8271331888471,32.0632854594261,1.5));
#1704=CARTESIAN_POINT('',(-28.8271331888471,32.0632854594261,0.));
#1705=CARTESIAN_POINT('',(-28.7116485276885,32.0577517894407,1.5));
#1706=CARTESIAN_POINT('Ctrl Pts',(-28.7116485276885,32.0577517894407,1.5));
#1707=CARTESIAN_POINT('Ctrl Pts',(-28.7502643388983,32.0591701620928,1.5));
#1708=CARTESIAN_POINT('Ctrl Pts',(-28.7913818993431,32.0517153029901,1.5));
#1709=CARTESIAN_POINT('Ctrl Pts',(-28.8271331888471,32.0632854594261,1.5));
#1710=CARTESIAN_POINT('',(-28.7116485276885,32.0577517894407,0.));
#1711=CARTESIAN_POINT('Ctrl Pts',(-39.6079109399954,32.062005562967,0.));
#1712=CARTESIAN_POINT('Ctrl Pts',(-39.6079109399954,32.062005562967,1.5));
#1713=CARTESIAN_POINT('Ctrl Pts',(-39.5922229136482,32.042953658848,0.));
#1714=CARTESIAN_POINT('Ctrl Pts',(-39.5922229136482,32.042953658848,1.5));
#1715=CARTESIAN_POINT('Ctrl Pts',(-39.5394147964035,32.046126715826,0.));
#1716=CARTESIAN_POINT('Ctrl Pts',(-39.5394147964035,32.046126715826,1.5));
#1717=CARTESIAN_POINT('Ctrl Pts',(-39.5079828158567,32.0566480131883,0.));
#1718=CARTESIAN_POINT('Ctrl Pts',(-39.5079828158567,32.0566480131883,1.5));
#1719=CARTESIAN_POINT('Ctrl Pts',(-38.5247614175935,32.385763917567,0.));
#1720=CARTESIAN_POINT('Ctrl Pts',(-38.5247614175935,32.385763917567,1.5));
#1721=CARTESIAN_POINT('Ctrl Pts',(-37.5202989245097,32.6123552401765,0.));
#1722=CARTESIAN_POINT('Ctrl Pts',(-37.5202989245097,32.6123552401765,1.5));
#1723=CARTESIAN_POINT('Ctrl Pts',(-36.4995010087179,32.7503693715896,0.));
#1724=CARTESIAN_POINT('Ctrl Pts',(-36.4995010087179,32.7503693715896,1.5));
#1725=CARTESIAN_POINT('Ctrl Pts',(-35.2587998623098,32.9181149051725,0.));
#1726=CARTESIAN_POINT('Ctrl Pts',(-35.2587998623098,32.9181149051725,1.5));
#1727=CARTESIAN_POINT('Ctrl Pts',(-34.0140777893126,32.9524410916423,0.));
#1728=CARTESIAN_POINT('Ctrl Pts',(-34.0140777893126,32.9524410916423,1.5));
#1729=CARTESIAN_POINT('Ctrl Pts',(-31.4240919961059,32.7501757738061,0.));
#1730=CARTESIAN_POINT('Ctrl Pts',(-31.4240919961059,32.7501757738061,1.5));
#1731=CARTESIAN_POINT('Ctrl Pts',(-30.1132896259704,32.4795610273113,0.));
#1732=CARTESIAN_POINT('Ctrl Pts',(-30.1132896259704,32.4795610273113,1.5));
#1733=CARTESIAN_POINT('Ctrl Pts',(-28.8271331888471,32.0632854594261,0.));
#1734=CARTESIAN_POINT('Ctrl Pts',(-28.8271331888471,32.0632854594261,1.5));
#1735=CARTESIAN_POINT('',(-39.6079109399954,32.062005562967,0.));
#1736=CARTESIAN_POINT('Ctrl Pts',(-39.6079109399954,32.062005562967,0.));
#1737=CARTESIAN_POINT('Ctrl Pts',(-39.5922229136482,32.042953658848,0.));
#1738=CARTESIAN_POINT('Ctrl Pts',(-39.5394147964035,32.046126715826,0.));
#1739=CARTESIAN_POINT('Ctrl Pts',(-39.5079828158567,32.0566480131883,0.));
#1740=CARTESIAN_POINT('Ctrl Pts',(-38.5247614175935,32.385763917567,0.));
#1741=CARTESIAN_POINT('Ctrl Pts',(-37.5202989245097,32.6123552401765,0.));
#1742=CARTESIAN_POINT('Ctrl Pts',(-36.4995010087179,32.7503693715896,0.));
#1743=CARTESIAN_POINT('Ctrl Pts',(-35.2587998623098,32.9181149051725,0.));
#1744=CARTESIAN_POINT('Ctrl Pts',(-34.0140777893126,32.9524410916423,0.));
#1745=CARTESIAN_POINT('Ctrl Pts',(-32.7655078435939,32.8549336856675,0.));
#1746=CARTESIAN_POINT('Ctrl Pts',(-31.4240919961059,32.7501757738061,0.));
#1747=CARTESIAN_POINT('Ctrl Pts',(-30.1132896259704,32.4795610273113,0.));
#1748=CARTESIAN_POINT('Ctrl Pts',(-28.8271331888471,32.0632854594261,0.));
#1749=CARTESIAN_POINT('',(-39.6079109399954,32.062005562967,1.5));
#1750=CARTESIAN_POINT('',(-39.6079109399954,32.062005562967,0.));
#1751=CARTESIAN_POINT('Ctrl Pts',(-28.8271331888471,32.0632854594261,1.5));
#1752=CARTESIAN_POINT('Ctrl Pts',(-30.1132896259704,32.4795610273113,1.5));
#1753=CARTESIAN_POINT('Ctrl Pts',(-31.4240919961059,32.7501757738061,1.5));
#1754=CARTESIAN_POINT('Ctrl Pts',(-32.7655078435939,32.8549336856675,1.5));
#1755=CARTESIAN_POINT('Ctrl Pts',(-34.0140777893126,32.9524410916423,1.5));
#1756=CARTESIAN_POINT('Ctrl Pts',(-35.2587998623098,32.9181149051725,1.5));
#1757=CARTESIAN_POINT('Ctrl Pts',(-36.4995010087179,32.7503693715896,1.5));
#1758=CARTESIAN_POINT('Ctrl Pts',(-37.5202989245097,32.6123552401765,1.5));
#1759=CARTESIAN_POINT('Ctrl Pts',(-38.5247614175935,32.385763917567,1.5));
#1760=CARTESIAN_POINT('Ctrl Pts',(-39.5079828158567,32.0566480131883,1.5));
#1761=CARTESIAN_POINT('Ctrl Pts',(-39.5394147964035,32.046126715826,1.5));
#1762=CARTESIAN_POINT('Ctrl Pts',(-39.5922229136482,32.042953658848,1.5));
#1763=CARTESIAN_POINT('Ctrl Pts',(-39.6079109399954,32.062005562967,1.5));
#1764=CARTESIAN_POINT('Ctrl Pts',(-33.9273751694138,34.1489116946596,0.));
#1765=CARTESIAN_POINT('Ctrl Pts',(-33.9273751694138,34.1489116946596,1.5));
#1766=CARTESIAN_POINT('Ctrl Pts',(-35.7193613263827,34.156193122415,0.));
#1767=CARTESIAN_POINT('Ctrl Pts',(-35.7193613263827,34.156193122415,1.5));
#1768=CARTESIAN_POINT('Ctrl Pts',(-37.2744323592114,33.9247098587661,0.));
#1769=CARTESIAN_POINT('Ctrl Pts',(-37.2744323592114,33.9247098587661,1.5));
#1770=CARTESIAN_POINT('Ctrl Pts',(-38.808132275106,33.501184598613,0.));
#1771=CARTESIAN_POINT('Ctrl Pts',(-38.808132275106,33.501184598613,1.5));
#1772=CARTESIAN_POINT('Ctrl Pts',(-39.0156104806262,33.4438902999967,0.));
#1773=CARTESIAN_POINT('Ctrl Pts',(-39.0156104806262,33.4438902999967,1.5));
#1774=CARTESIAN_POINT('Ctrl Pts',(-39.1460789055279,33.346418045912,0.));
#1775=CARTESIAN_POINT('Ctrl Pts',(-39.1460789055279,33.346418045912,1.5));
#1776=CARTESIAN_POINT('Ctrl Pts',(-39.2248511432883,33.1408319016443,0.));
#1777=CARTESIAN_POINT('Ctrl Pts',(-39.2248511432883,33.1408319016443,1.5));
#1778=CARTESIAN_POINT('Ctrl Pts',(-39.3493740920203,32.8158418590798,0.));
#1779=CARTESIAN_POINT('Ctrl Pts',(-39.3493740920203,32.8158418590798,1.5));
#1780=CARTESIAN_POINT('Ctrl Pts',(-39.4831807713142,32.4949423386931,0.));
#1781=CARTESIAN_POINT('Ctrl Pts',(-39.4831807713142,32.4949423386931,1.5));
#1782=CARTESIAN_POINT('Ctrl Pts',(-39.6097163292778,32.1708142395667,0.));
#1783=CARTESIAN_POINT('Ctrl Pts',(-39.6097163292778,32.1708142395667,1.5));
#1784=CARTESIAN_POINT('Ctrl Pts',(-39.6223006285686,32.1385788341705,0.));
#1785=CARTESIAN_POINT('Ctrl Pts',(-39.6223006285686,32.1385788341705,1.5));
#1786=CARTESIAN_POINT('Ctrl Pts',(-39.6253312362605,32.0831588096974,0.));
#1787=CARTESIAN_POINT('Ctrl Pts',(-39.6253312362605,32.0831588096974,1.5));
#1788=CARTESIAN_POINT('Ctrl Pts',(-39.6079109399954,32.062005562967,0.));
#1789=CARTESIAN_POINT('Ctrl Pts',(-39.6079109399954,32.062005562967,1.5));
#1790=CARTESIAN_POINT('',(-33.9273751694138,34.1489116946596,0.));
#1791=CARTESIAN_POINT('Ctrl Pts',(-33.9273751694138,34.1489116946596,0.));
#1792=CARTESIAN_POINT('Ctrl Pts',(-35.7193613263827,34.156193122415,0.));
#1793=CARTESIAN_POINT('Ctrl Pts',(-37.2744323592114,33.9247098587661,0.));
#1794=CARTESIAN_POINT('Ctrl Pts',(-38.808132275106,33.501184598613,0.));
#1795=CARTESIAN_POINT('Ctrl Pts',(-39.0156104806262,33.4438902999967,0.));
#1796=CARTESIAN_POINT('Ctrl Pts',(-39.1460789055279,33.346418045912,0.));
#1797=CARTESIAN_POINT('Ctrl Pts',(-39.2248511432883,33.1408319016443,0.));
#1798=CARTESIAN_POINT('Ctrl Pts',(-39.3493740920203,32.8158418590798,0.));
#1799=CARTESIAN_POINT('Ctrl Pts',(-39.4831807713142,32.4949423386931,0.));
#1800=CARTESIAN_POINT('Ctrl Pts',(-39.6097163292778,32.1708142395667,0.));
#1801=CARTESIAN_POINT('Ctrl Pts',(-39.6223006285686,32.1385788341705,0.));
#1802=CARTESIAN_POINT('Ctrl Pts',(-39.6253312362605,32.0831588096974,0.));
#1803=CARTESIAN_POINT('Ctrl Pts',(-39.6079109399954,32.062005562967,0.));
#1804=CARTESIAN_POINT('',(-33.9273751694138,34.1489116946596,1.5));
#1805=CARTESIAN_POINT('',(-33.9273751694138,34.1489116946596,0.));
#1806=CARTESIAN_POINT('Ctrl Pts',(-39.6079109399954,32.062005562967,1.5));
#1807=CARTESIAN_POINT('Ctrl Pts',(-39.6253312362605,32.0831588096974,1.5));
#1808=CARTESIAN_POINT('Ctrl Pts',(-39.6223006285686,32.1385788341705,1.5));
#1809=CARTESIAN_POINT('Ctrl Pts',(-39.6097163292778,32.1708142395667,1.5));
#1810=CARTESIAN_POINT('Ctrl Pts',(-39.4831807713142,32.4949423386931,1.5));
#1811=CARTESIAN_POINT('Ctrl Pts',(-39.3493740920203,32.8158418590798,1.5));
#1812=CARTESIAN_POINT('Ctrl Pts',(-39.2248511432883,33.1408319016443,1.5));
#1813=CARTESIAN_POINT('Ctrl Pts',(-39.1460789055279,33.346418045912,1.5));
#1814=CARTESIAN_POINT('Ctrl Pts',(-39.0156104806262,33.4438902999967,1.5));
#1815=CARTESIAN_POINT('Ctrl Pts',(-38.808132275106,33.501184598613,1.5));
#1816=CARTESIAN_POINT('Ctrl Pts',(-37.2744323592114,33.9247098587661,1.5));
#1817=CARTESIAN_POINT('Ctrl Pts',(-35.7193613263827,34.156193122415,1.5));
#1818=CARTESIAN_POINT('Ctrl Pts',(-33.9273751694138,34.1489116946596,1.5));
#1819=CARTESIAN_POINT('Ctrl Pts',(-29.314994374107,33.442935865435,0.));
#1820=CARTESIAN_POINT('Ctrl Pts',(-29.314994374107,33.442935865435,1.5));
#1821=CARTESIAN_POINT('Ctrl Pts',(-30.1875211577348,33.7010326330109,0.));
#1822=CARTESIAN_POINT('Ctrl Pts',(-30.1875211577348,33.7010326330109,1.5));
#1823=CARTESIAN_POINT('Ctrl Pts',(-31.0720206880793,33.8956185720921,0.));
#1824=CARTESIAN_POINT('Ctrl Pts',(-31.0720206880793,33.8956185720921,1.5));
#1825=CARTESIAN_POINT('Ctrl Pts',(-32.6895766788804,34.1070905400877,0.));
#1826=CARTESIAN_POINT('Ctrl Pts',(-32.6895766788804,34.1070905400877,1.5));
#1827=CARTESIAN_POINT('Ctrl Pts',(-33.4107407297723,34.1506984408728,0.));
#1828=CARTESIAN_POINT('Ctrl Pts',(-33.4107407297723,34.1506984408728,1.5));
#1829=CARTESIAN_POINT('Ctrl Pts',(-33.9273751694138,34.1489116946596,0.));
#1830=CARTESIAN_POINT('Ctrl Pts',(-33.9273751694138,34.1489116946596,1.5));
#1831=CARTESIAN_POINT('',(-29.314994374107,33.442935865435,0.));
#1832=CARTESIAN_POINT('Ctrl Pts',(-29.314994374107,33.442935865435,0.));
#1833=CARTESIAN_POINT('Ctrl Pts',(-30.1875211577348,33.7010326330109,0.));
#1834=CARTESIAN_POINT('Ctrl Pts',(-31.0720206880793,33.8956185720921,0.));
#1835=CARTESIAN_POINT('Ctrl Pts',(-31.9710085223304,34.013148559963,0.));
#1836=CARTESIAN_POINT('Ctrl Pts',(-32.6895766788804,34.1070905400877,0.));
#1837=CARTESIAN_POINT('Ctrl Pts',(-33.4107407297723,34.1506984408728,0.));
#1838=CARTESIAN_POINT('Ctrl Pts',(-33.9273751694138,34.1489116946596,0.));
#1839=CARTESIAN_POINT('',(-29.314994374107,33.442935865435,1.5));
#1840=CARTESIAN_POINT('',(-29.314994374107,33.442935865435,0.));
#1841=CARTESIAN_POINT('Ctrl Pts',(-33.9273751694138,34.1489116946596,1.5));
#1842=CARTESIAN_POINT('Ctrl Pts',(-33.4107407297723,34.1506984408728,1.5));
#1843=CARTESIAN_POINT('Ctrl Pts',(-32.6895766788804,34.1070905400877,1.5));
#1844=CARTESIAN_POINT('Ctrl Pts',(-31.9710085223304,34.013148559963,1.5));
#1845=CARTESIAN_POINT('Ctrl Pts',(-31.0720206880793,33.8956185720921,1.5));
#1846=CARTESIAN_POINT('Ctrl Pts',(-30.1875211577348,33.7010326330109,1.5));
#1847=CARTESIAN_POINT('Ctrl Pts',(-29.314994374107,33.442935865435,1.5));
#1848=CARTESIAN_POINT('Ctrl Pts',(-28.7116485276885,32.0577517894407,0.));
#1849=CARTESIAN_POINT('Ctrl Pts',(-28.7116485276885,32.0577517894407,1.5));
#1850=CARTESIAN_POINT('Ctrl Pts',(-28.7133971160915,32.099110460419,0.));
#1851=CARTESIAN_POINT('Ctrl Pts',(-28.7133971160915,32.099110460419,1.5));
#1852=CARTESIAN_POINT('Ctrl Pts',(-28.7068749407395,32.1432775852117,0.));
#1853=CARTESIAN_POINT('Ctrl Pts',(-28.7068749407395,32.1432775852117,1.5));
#1854=CARTESIAN_POINT('Ctrl Pts',(-28.7181633689011,32.1813962406487,0.));
#1855=CARTESIAN_POINT('Ctrl Pts',(-28.7181633689011,32.1813962406487,1.5));
#1856=CARTESIAN_POINT('Ctrl Pts',(-28.8418571363733,32.5990841626935,0.));
#1857=CARTESIAN_POINT('Ctrl Pts',(-28.8418571363733,32.5990841626935,1.5));
#1858=CARTESIAN_POINT('Ctrl Pts',(-29.0131168977072,32.9942033549453,0.));
#1859=CARTESIAN_POINT('Ctrl Pts',(-29.0131168977072,32.9942033549453,1.5));
#1860=CARTESIAN_POINT('Ctrl Pts',(-29.2226719191184,33.370031511142,0.));
#1861=CARTESIAN_POINT('Ctrl Pts',(-29.2226719191184,33.370031511142,1.5));
#1862=CARTESIAN_POINT('Ctrl Pts',(-29.2409575780369,33.4028260747363,0.));
#1863=CARTESIAN_POINT('Ctrl Pts',(-29.2409575780369,33.4028260747363,1.5));
#1864=CARTESIAN_POINT('Ctrl Pts',(-29.2801368354569,33.4326227501641,0.));
#1865=CARTESIAN_POINT('Ctrl Pts',(-29.2801368354569,33.4326227501641,1.5));
#1866=CARTESIAN_POINT('Ctrl Pts',(-29.314994374107,33.442935865435,0.));
#1867=CARTESIAN_POINT('Ctrl Pts',(-29.314994374107,33.442935865435,1.5));
#1868=CARTESIAN_POINT('Ctrl Pts',(-28.7116485844248,32.0577531314711,0.));
#1869=CARTESIAN_POINT('Ctrl Pts',(-28.7133969750034,32.0991114158582,0.));
#1870=CARTESIAN_POINT('Ctrl Pts',(-28.7068750628373,32.1432779975102,0.));
#1871=CARTESIAN_POINT('Ctrl Pts',(-28.7181633689011,32.1813962406487,0.));
#1872=CARTESIAN_POINT('Ctrl Pts',(-28.8418571363733,32.5990841626935,0.));
#1873=CARTESIAN_POINT('Ctrl Pts',(-29.0131168977072,32.9942033549453,0.));
#1874=CARTESIAN_POINT('Ctrl Pts',(-29.2226719191184,33.370031511142,0.));
#1875=CARTESIAN_POINT('Ctrl Pts',(-29.2409575780369,33.4028260747363,0.));
#1876=CARTESIAN_POINT('Ctrl Pts',(-29.2801368354569,33.4326227501641,0.));
#1877=CARTESIAN_POINT('Ctrl Pts',(-29.314994374107,33.442935865435,0.));
#1878=CARTESIAN_POINT('Ctrl Pts',(-29.314994374107,33.442935865435,1.5));
#1879=CARTESIAN_POINT('Ctrl Pts',(-29.2801368354569,33.4326227501641,1.5));
#1880=CARTESIAN_POINT('Ctrl Pts',(-29.2409575780369,33.4028260747363,1.5));
#1881=CARTESIAN_POINT('Ctrl Pts',(-29.2226719191184,33.370031511142,1.5));
#1882=CARTESIAN_POINT('Ctrl Pts',(-29.0131168977072,32.9942033549453,1.5));
#1883=CARTESIAN_POINT('Ctrl Pts',(-28.8418571363733,32.5990841626935,1.5));
#1884=CARTESIAN_POINT('Ctrl Pts',(-28.7181633689011,32.1813962406487,1.5));
#1885=CARTESIAN_POINT('Ctrl Pts',(-28.7068750628373,32.1432779975102,1.5));
#1886=CARTESIAN_POINT('Ctrl Pts',(-28.7133969750034,32.0991114158582,1.5));
#1887=CARTESIAN_POINT('Ctrl Pts',(-28.7116485844248,32.0577531314711,1.5));
#1888=CARTESIAN_POINT('Ctrl Pts',(-33.9581292367867,30.0251962188853,0.));
#1889=CARTESIAN_POINT('Ctrl Pts',(-33.9581292367867,30.0251962188853,1.5));
#1890=CARTESIAN_POINT('Ctrl Pts',(-36.0431169252332,30.0257729789498,0.));
#1891=CARTESIAN_POINT('Ctrl Pts',(-36.0431169252332,30.0257729789498,1.5));
#1892=CARTESIAN_POINT('Ctrl Pts',(-37.8802044316295,29.729027126203,0.));
#1893=CARTESIAN_POINT('Ctrl Pts',(-37.8802044316295,29.729027126203,1.5));
#1894=CARTESIAN_POINT('Ctrl Pts',(-39.6700658516081,29.1046105242536,0.));
#1895=CARTESIAN_POINT('Ctrl Pts',(-39.6700658516081,29.1046105242536,1.5));
#1896=CARTESIAN_POINT('Ctrl Pts',(-39.7683482013145,29.0703234391473,0.));
#1897=CARTESIAN_POINT('Ctrl Pts',(-39.7683482013145,29.0703234391473,1.5));
#1898=CARTESIAN_POINT('Ctrl Pts',(-39.7923907822227,29.0281985545585,0.));
#1899=CARTESIAN_POINT('Ctrl Pts',(-39.7923907822227,29.0281985545585,1.5));
#1900=CARTESIAN_POINT('Ctrl Pts',(-39.7609362752729,28.9250216912653,0.));
#1901=CARTESIAN_POINT('Ctrl Pts',(-39.7609362752729,28.9250216912653,1.5));
#1902=CARTESIAN_POINT('Ctrl Pts',(-39.6676146269134,28.6189086400371,0.));
#1903=CARTESIAN_POINT('Ctrl Pts',(-39.6676146269134,28.6189086400371,1.5));
#1904=CARTESIAN_POINT('Ctrl Pts',(-39.5798738800674,28.3108259162559,0.));
#1905=CARTESIAN_POINT('Ctrl Pts',(-39.5798738800674,28.3108259162559,1.5));
#1906=CARTESIAN_POINT('Ctrl Pts',(-39.4917760499848,28.0029141029437,0.));
#1907=CARTESIAN_POINT('Ctrl Pts',(-39.4917760499848,28.0029141029437,1.5));
#1908=CARTESIAN_POINT('Ctrl Pts',(-39.4656953253211,27.9117590402575,0.));
#1909=CARTESIAN_POINT('Ctrl Pts',(-39.4656953253211,27.9117590402575,1.5));
#1910=CARTESIAN_POINT('Ctrl Pts',(-39.4224129116201,27.8991494784814,0.));
#1911=CARTESIAN_POINT('Ctrl Pts',(-39.4224129116201,27.8991494784814,1.5));
#1912=CARTESIAN_POINT('Ctrl Pts',(-39.3379664859904,27.9288582451672,0.));
#1913=CARTESIAN_POINT('Ctrl Pts',(-39.3379664859904,27.9288582451672,1.5));
#1914=CARTESIAN_POINT('Ctrl Pts',(-38.359180156207,28.2732012352921,0.));
#1915=CARTESIAN_POINT('Ctrl Pts',(-38.359180156207,28.2732012352921,1.5));
#1916=CARTESIAN_POINT('Ctrl Pts',(-37.3558925422349,28.4991930309954,0.));
#1917=CARTESIAN_POINT('Ctrl Pts',(-37.3558925422349,28.4991930309954,1.5));
#1918=CARTESIAN_POINT('Ctrl Pts',(-36.3345104583306,28.6392411128302,0.));
#1919=CARTESIAN_POINT('Ctrl Pts',(-36.3345104583306,28.6392411128302,1.5));
#1920=CARTESIAN_POINT('Ctrl Pts',(-35.4628058407604,28.7587659816732,0.));
#1921=CARTESIAN_POINT('Ctrl Pts',(-35.4628058407604,28.7587659816732,1.5));
#1922=CARTESIAN_POINT('Ctrl Pts',(-34.5878928221428,28.8134187871857,0.));
#1923=CARTESIAN_POINT('Ctrl Pts',(-34.5878928221428,28.8134187871857,1.5));
#1924=CARTESIAN_POINT('Ctrl Pts',(-33.7098171310075,28.7876741469285,0.));
#1925=CARTESIAN_POINT('Ctrl Pts',(-33.7098171310075,28.7876741469285,1.5));
#1926=CARTESIAN_POINT('Ctrl Pts',(-32.0913385132501,28.7402213473593,0.));
#1927=CARTESIAN_POINT('Ctrl Pts',(-32.0913385132501,28.7402213473593,1.5));
#1928=CARTESIAN_POINT('Ctrl Pts',(-30.5091132456219,28.4570832383943,0.));
#1929=CARTESIAN_POINT('Ctrl Pts',(-30.5091132456219,28.4570832383943,1.5));
#1930=CARTESIAN_POINT('Ctrl Pts',(-28.9680407939446,27.9214847240223,0.));
#1931=CARTESIAN_POINT('Ctrl Pts',(-28.9680407939446,27.9214847240223,1.5));
#1932=CARTESIAN_POINT('Ctrl Pts',(-28.8894120017139,27.894157349336,0.));
#1933=CARTESIAN_POINT('Ctrl Pts',(-28.8894120017139,27.894157349336,1.5));
#1934=CARTESIAN_POINT('Ctrl Pts',(-28.8526440883207,27.9120495456832,0.));
#1935=CARTESIAN_POINT('Ctrl Pts',(-28.8526440883207,27.9120495456832,1.5));
#1936=CARTESIAN_POINT('Ctrl Pts',(-28.8302851669363,27.9904041905995,0.));
#1937=CARTESIAN_POINT('Ctrl Pts',(-28.8302851669363,27.9904041905995,1.5));
#1938=CARTESIAN_POINT('Ctrl Pts',(-28.7373414410318,28.3161163533322,0.));
#1939=CARTESIAN_POINT('Ctrl Pts',(-28.7373414410318,28.3161163533322,1.5));
#1940=CARTESIAN_POINT('Ctrl Pts',(-28.6440070553077,28.6417013900132,0.));
#1941=CARTESIAN_POINT('Ctrl Pts',(-28.6440070553077,28.6417013900132,1.5));
#1942=CARTESIAN_POINT('Ctrl Pts',(-28.5509240057915,28.9673678453827,0.));
#1943=CARTESIAN_POINT('Ctrl Pts',(-28.5509240057915,28.9673678453827,1.5));
#1944=CARTESIAN_POINT('Ctrl Pts',(-28.5300839476121,29.0402802382649,0.));
#1945=CARTESIAN_POINT('Ctrl Pts',(-28.5300839476121,29.0402802382649,1.5));
#1946=CARTESIAN_POINT('Ctrl Pts',(-28.5614932074375,29.0705310451074,0.));
#1947=CARTESIAN_POINT('Ctrl Pts',(-28.5614932074375,29.0705310451074,1.5));
#1948=CARTESIAN_POINT('Ctrl Pts',(-28.6255446706509,29.0925046128391,0.));
#1949=CARTESIAN_POINT('Ctrl Pts',(-28.6255446706509,29.0925046128391,1.5));
#1950=CARTESIAN_POINT('Ctrl Pts',(-29.4906827911165,29.3892998792316,0.));
#1951=CARTESIAN_POINT('Ctrl Pts',(-29.4906827911165,29.3892998792316,1.5));
#1952=CARTESIAN_POINT('Ctrl Pts',(-30.3697396167453,29.6241208673864,0.));
#1953=CARTESIAN_POINT('Ctrl Pts',(-30.3697396167453,29.6241208673864,1.5));
#1954=CARTESIAN_POINT('Ctrl Pts',(-31.266535770781,29.7814808088966,0.));
#1955=CARTESIAN_POINT('Ctrl Pts',(-31.266535770781,29.7814808088966,1.5));
#1956=CARTESIAN_POINT('Ctrl Pts',(-32.2254827211866,29.9497462896841,0.));
#1957=CARTESIAN_POINT('Ctrl Pts',(-32.2254827211866,29.9497462896841,1.5));
#1958=CARTESIAN_POINT('Ctrl Pts',(-33.1915859903994,30.0199899173755,0.));
#1959=CARTESIAN_POINT('Ctrl Pts',(-33.1915859903994,30.0199899173755,1.5));
#1960=CARTESIAN_POINT('Ctrl Pts',(-33.9581292367867,30.0251962188853,0.));
#1961=CARTESIAN_POINT('Ctrl Pts',(-33.9581292367867,30.0251962188853,1.5));
#1962=CARTESIAN_POINT('',(-33.9581292367867,30.0251962188853,0.));
#1963=CARTESIAN_POINT('Ctrl Pts',(-33.9581292367867,30.0251962188853,0.));
#1964=CARTESIAN_POINT('Ctrl Pts',(-36.0431169252332,30.0257729789498,0.));
#1965=CARTESIAN_POINT('Ctrl Pts',(-37.8802044316295,29.729027126203,0.));
#1966=CARTESIAN_POINT('Ctrl Pts',(-39.6700658516081,29.1046105242536,0.));
#1967=CARTESIAN_POINT('Ctrl Pts',(-39.7683482013145,29.0703234391473,0.));
#1968=CARTESIAN_POINT('Ctrl Pts',(-39.7923907822227,29.0281985545585,0.));
#1969=CARTESIAN_POINT('Ctrl Pts',(-39.7609362752729,28.9250216912653,0.));
#1970=CARTESIAN_POINT('Ctrl Pts',(-39.6676146269134,28.6189086400371,0.));
#1971=CARTESIAN_POINT('Ctrl Pts',(-39.5798738800674,28.3108259162559,0.));
#1972=CARTESIAN_POINT('Ctrl Pts',(-39.4917760499848,28.0029141029437,0.));
#1973=CARTESIAN_POINT('Ctrl Pts',(-39.4656953253211,27.9117590402575,0.));
#1974=CARTESIAN_POINT('Ctrl Pts',(-39.4224129116201,27.8991494784814,0.));
#1975=CARTESIAN_POINT('Ctrl Pts',(-39.3379664859904,27.9288582451672,0.));
#1976=CARTESIAN_POINT('Ctrl Pts',(-38.359180156207,28.2732012352921,0.));
#1977=CARTESIAN_POINT('Ctrl Pts',(-37.3558925422349,28.4991930309954,0.));
#1978=CARTESIAN_POINT('Ctrl Pts',(-36.3345104583306,28.6392411128302,0.));
#1979=CARTESIAN_POINT('Ctrl Pts',(-35.4628058407604,28.7587659816732,0.));
#1980=CARTESIAN_POINT('Ctrl Pts',(-34.5878928221428,28.8134187871857,0.));
#1981=CARTESIAN_POINT('Ctrl Pts',(-33.7098171310075,28.7876741469285,0.));
#1982=CARTESIAN_POINT('Ctrl Pts',(-32.0913385132501,28.7402213473593,0.));
#1983=CARTESIAN_POINT('Ctrl Pts',(-30.5091132456219,28.4570832383943,0.));
#1984=CARTESIAN_POINT('Ctrl Pts',(-28.9680407939446,27.9214847240223,0.));
#1985=CARTESIAN_POINT('Ctrl Pts',(-28.8894120017139,27.894157349336,0.));
#1986=CARTESIAN_POINT('Ctrl Pts',(-28.8526440883207,27.9120495456832,0.));
#1987=CARTESIAN_POINT('Ctrl Pts',(-28.8302851669363,27.9904041905995,0.));
#1988=CARTESIAN_POINT('Ctrl Pts',(-28.7373414410318,28.3161163533322,0.));
#1989=CARTESIAN_POINT('Ctrl Pts',(-28.6440070553077,28.6417013900132,0.));
#1990=CARTESIAN_POINT('Ctrl Pts',(-28.5509240057915,28.9673678453827,0.));
#1991=CARTESIAN_POINT('Ctrl Pts',(-28.5300839476121,29.0402802382649,0.));
#1992=CARTESIAN_POINT('Ctrl Pts',(-28.5614932074375,29.0705310451074,0.));
#1993=CARTESIAN_POINT('Ctrl Pts',(-28.6255446706509,29.0925046128391,0.));
#1994=CARTESIAN_POINT('Ctrl Pts',(-29.4906827911165,29.3892998792316,0.));
#1995=CARTESIAN_POINT('Ctrl Pts',(-30.3697396167453,29.6241208673864,0.));
#1996=CARTESIAN_POINT('Ctrl Pts',(-31.266535770781,29.7814808088966,0.));
#1997=CARTESIAN_POINT('Ctrl Pts',(-32.2254827211866,29.9497462896841,0.));
#1998=CARTESIAN_POINT('Ctrl Pts',(-33.1915859903994,30.0199899173755,0.));
#1999=CARTESIAN_POINT('Ctrl Pts',(-33.9581292367867,30.0251962188853,0.));
#2000=CARTESIAN_POINT('',(-33.9581292367867,30.0251962188853,1.5));
#2001=CARTESIAN_POINT('',(-33.9581292367867,30.0251962188853,0.));
#2002=CARTESIAN_POINT('Ctrl Pts',(-33.9581292367867,30.0251962188853,1.5));
#2003=CARTESIAN_POINT('Ctrl Pts',(-33.1915859903994,30.0199899173755,1.5));
#2004=CARTESIAN_POINT('Ctrl Pts',(-32.2254827211866,29.9497462896841,1.5));
#2005=CARTESIAN_POINT('Ctrl Pts',(-31.266535770781,29.7814808088966,1.5));
#2006=CARTESIAN_POINT('Ctrl Pts',(-30.3697396167453,29.6241208673864,1.5));
#2007=CARTESIAN_POINT('Ctrl Pts',(-29.4906827911165,29.3892998792316,1.5));
#2008=CARTESIAN_POINT('Ctrl Pts',(-28.6255446706509,29.0925046128391,1.5));
#2009=CARTESIAN_POINT('Ctrl Pts',(-28.5614932074375,29.0705310451074,1.5));
#2010=CARTESIAN_POINT('Ctrl Pts',(-28.5300839476121,29.0402802382649,1.5));
#2011=CARTESIAN_POINT('Ctrl Pts',(-28.5509240057915,28.9673678453827,1.5));
#2012=CARTESIAN_POINT('Ctrl Pts',(-28.6440070553077,28.6417013900132,1.5));
#2013=CARTESIAN_POINT('Ctrl Pts',(-28.7373414410318,28.3161163533322,1.5));
#2014=CARTESIAN_POINT('Ctrl Pts',(-28.8302851669363,27.9904041905995,1.5));
#2015=CARTESIAN_POINT('Ctrl Pts',(-28.8526440883207,27.9120495456832,1.5));
#2016=CARTESIAN_POINT('Ctrl Pts',(-28.8894120017139,27.894157349336,1.5));
#2017=CARTESIAN_POINT('Ctrl Pts',(-28.9680407939446,27.9214847240223,1.5));
#2018=CARTESIAN_POINT('Ctrl Pts',(-30.5091132456219,28.4570832383943,1.5));
#2019=CARTESIAN_POINT('Ctrl Pts',(-32.0913385132501,28.7402213473593,1.5));
#2020=CARTESIAN_POINT('Ctrl Pts',(-33.7098171310075,28.7876741469285,1.5));
#2021=CARTESIAN_POINT('Ctrl Pts',(-34.5878928221428,28.8134187871857,1.5));
#2022=CARTESIAN_POINT('Ctrl Pts',(-35.4628058407604,28.7587659816732,1.5));
#2023=CARTESIAN_POINT('Ctrl Pts',(-36.3345104583306,28.6392411128302,1.5));
#2024=CARTESIAN_POINT('Ctrl Pts',(-37.3558925422349,28.4991930309954,1.5));
#2025=CARTESIAN_POINT('Ctrl Pts',(-38.359180156207,28.2732012352921,1.5));
#2026=CARTESIAN_POINT('Ctrl Pts',(-39.3379664859904,27.9288582451672,1.5));
#2027=CARTESIAN_POINT('Ctrl Pts',(-39.4224129116201,27.8991494784814,1.5));
#2028=CARTESIAN_POINT('Ctrl Pts',(-39.4656953253211,27.9117590402575,1.5));
#2029=CARTESIAN_POINT('Ctrl Pts',(-39.4917760499848,28.0029141029437,1.5));
#2030=CARTESIAN_POINT('Ctrl Pts',(-39.5798738800674,28.3108259162559,1.5));
#2031=CARTESIAN_POINT('Ctrl Pts',(-39.6676146269134,28.6189086400371,1.5));
#2032=CARTESIAN_POINT('Ctrl Pts',(-39.7609362752729,28.9250216912653,1.5));
#2033=CARTESIAN_POINT('Ctrl Pts',(-39.7923907822227,29.0281985545585,1.5));
#2034=CARTESIAN_POINT('Ctrl Pts',(-39.7683482013145,29.0703234391473,1.5));
#2035=CARTESIAN_POINT('Ctrl Pts',(-39.6700658516081,29.1046105242536,1.5));
#2036=CARTESIAN_POINT('Ctrl Pts',(-37.8802044316295,29.729027126203,1.5));
#2037=CARTESIAN_POINT('Ctrl Pts',(-36.0431169252332,30.0257729789498,1.5));
#2038=CARTESIAN_POINT('Ctrl Pts',(-33.9581292367867,30.0251962188853,1.5));
#2039=CARTESIAN_POINT('Ctrl Pts',(-39.1279118123898,27.1588371768968,0.));
#2040=CARTESIAN_POINT('Ctrl Pts',(-39.1279118123898,27.1588371768968,1.5));
#2041=CARTESIAN_POINT('Ctrl Pts',(-38.9615693383059,26.9143809864994,0.));
#2042=CARTESIAN_POINT('Ctrl Pts',(-38.9615693383059,26.9143809864994,1.5));
#2043=CARTESIAN_POINT('Ctrl Pts',(-38.8120181103988,26.6874836028821,0.));
#2044=CARTESIAN_POINT('Ctrl Pts',(-38.8120181103988,26.6874836028821,1.5));
#2045=CARTESIAN_POINT('Ctrl Pts',(-38.6549500313228,26.4667224112145,0.));
#2046=CARTESIAN_POINT('Ctrl Pts',(-38.6549500313228,26.4667224112145,1.5));
#2047=CARTESIAN_POINT('Ctrl Pts',(-38.5741648980636,26.353177874398,0.));
#2048=CARTESIAN_POINT('Ctrl Pts',(-38.5741648980636,26.353177874398,1.5));
#2049=CARTESIAN_POINT('Ctrl Pts',(-38.4832143208456,26.2471616648654,0.));
#2050=CARTESIAN_POINT('Ctrl Pts',(-38.4832143208456,26.2471616648654,1.5));
#2051=CARTESIAN_POINT('Ctrl Pts',(-38.3896679566936,26.1453198405739,0.));
#2052=CARTESIAN_POINT('Ctrl Pts',(-38.3896679566936,26.1453198405739,1.5));
#2053=CARTESIAN_POINT('Ctrl Pts',(-38.3650973625739,26.1185703869553,0.));
#2054=CARTESIAN_POINT('Ctrl Pts',(-38.3650973625739,26.1185703869553,1.5));
#2055=CARTESIAN_POINT('Ctrl Pts',(-38.3091626791398,26.1016396359431,0.));
#2056=CARTESIAN_POINT('Ctrl Pts',(-38.3091626791398,26.1016396359431,1.5));
#2057=CARTESIAN_POINT('Ctrl Pts',(-38.2753281000021,26.1112580582846,0.));
#2058=CARTESIAN_POINT('Ctrl Pts',(-38.2753281000021,26.1112580582846,1.5));
#2059=CARTESIAN_POINT('Ctrl Pts',(-37.2724505995827,26.3963539454398,0.));
#2060=CARTESIAN_POINT('Ctrl Pts',(-37.2724505995827,26.3963539454398,1.5));
#2061=CARTESIAN_POINT('Ctrl Pts',(-36.2521020953878,26.5606245350368,0.));
#2062=CARTESIAN_POINT('Ctrl Pts',(-36.2521020953878,26.5606245350368,1.5));
#2063=CARTESIAN_POINT('Ctrl Pts',(-35.2179306934375,26.6402391303819,0.));
#2064=CARTESIAN_POINT('Ctrl Pts',(-35.2179306934375,26.6402391303819,1.5));
#2065=CARTESIAN_POINT('Ctrl Pts',(-34.3506917114346,26.7070026093269,0.));
#2066=CARTESIAN_POINT('Ctrl Pts',(-34.3506917114346,26.7070026093269,1.5));
#2067=CARTESIAN_POINT('Ctrl Pts',(-33.4847626497882,26.6915820186305,0.));
#2068=CARTESIAN_POINT('Ctrl Pts',(-33.4847626497882,26.6915820186305,1.5));
#2069=CARTESIAN_POINT('Ctrl Pts',(-32.6202582662907,26.6074337170432,0.));
#2070=CARTESIAN_POINT('Ctrl Pts',(-32.6202582662907,26.6074337170432,1.5));
#2071=CARTESIAN_POINT('Ctrl Pts',(-31.7664337394453,26.5243249611373,0.));
#2072=CARTESIAN_POINT('Ctrl Pts',(-31.7664337394453,26.5243249611373,1.5));
#2073=CARTESIAN_POINT('Ctrl Pts',(-30.924815258175,26.3596283859436,0.));
#2074=CARTESIAN_POINT('Ctrl Pts',(-30.924815258175,26.3596283859436,1.5));
#2075=CARTESIAN_POINT('Ctrl Pts',(-30.0965556475154,26.1215221018945,0.));
#2076=CARTESIAN_POINT('Ctrl Pts',(-30.0965556475154,26.1215221018945,1.5));
#2077=CARTESIAN_POINT('Ctrl Pts',(-30.0053489808577,26.0953022063462,0.));
#2078=CARTESIAN_POINT('Ctrl Pts',(-30.0053489808577,26.0953022063462,1.5));
#2079=CARTESIAN_POINT('Ctrl Pts',(-29.9449240755564,26.1157388906812,0.));
#2080=CARTESIAN_POINT('Ctrl Pts',(-29.9449240755564,26.1157388906812,1.5));
#2081=CARTESIAN_POINT('Ctrl Pts',(-29.8916218399487,26.1912038597461,0.));
#2082=CARTESIAN_POINT('Ctrl Pts',(-29.8916218399487,26.1912038597461,1.5));
#2083=CARTESIAN_POINT('Ctrl Pts',(-29.6831504751445,26.4863563034752,0.));
#2084=CARTESIAN_POINT('Ctrl Pts',(-29.6831504751445,26.4863563034752,1.5));
#2085=CARTESIAN_POINT('Ctrl Pts',(-29.4747038269556,26.7815313242607,0.));
#2086=CARTESIAN_POINT('Ctrl Pts',(-29.4747038269556,26.7815313242607,1.5));
#2087=CARTESIAN_POINT('Ctrl Pts',(-29.2653899463344,27.0759981641127,0.));
#2088=CARTESIAN_POINT('Ctrl Pts',(-29.2653899463344,27.0759981641127,1.5));
#2089=CARTESIAN_POINT('Ctrl Pts',(-29.2060162100914,27.1595262914868,0.));
#2090=CARTESIAN_POINT('Ctrl Pts',(-29.2060162100914,27.1595262914868,1.5));
#2091=CARTESIAN_POINT('Ctrl Pts',(-29.2378554435036,27.1976488899751,0.));
#2092=CARTESIAN_POINT('Ctrl Pts',(-29.2378554435036,27.1976488899751,1.5));
#2093=CARTESIAN_POINT('Ctrl Pts',(-29.3200028936497,27.2197761126125,0.));
#2094=CARTESIAN_POINT('Ctrl Pts',(-29.3200028936497,27.2197761126125,1.5));
#2095=CARTESIAN_POINT('Ctrl Pts',(-29.7613775389665,27.3386647089847,0.));
#2096=CARTESIAN_POINT('Ctrl Pts',(-29.7613775389665,27.3386647089847,1.5));
#2097=CARTESIAN_POINT('Ctrl Pts',(-30.1996659947878,27.4725813693536,0.));
#2098=CARTESIAN_POINT('Ctrl Pts',(-30.1996659947878,27.4725813693536,1.5));
#2099=CARTESIAN_POINT('Ctrl Pts',(-30.6441701027789,27.575900580207,0.));
#2100=CARTESIAN_POINT('Ctrl Pts',(-30.6441701027789,27.575900580207,1.5));
#2101=CARTESIAN_POINT('Ctrl Pts',(-32.2011406994638,27.9377981880793,0.));
#2102=CARTESIAN_POINT('Ctrl Pts',(-32.2011406994638,27.9377981880793,1.5));
#2103=CARTESIAN_POINT('Ctrl Pts',(-33.7757211907297,28.0407204789316,0.));
#2104=CARTESIAN_POINT('Ctrl Pts',(-33.7757211907297,28.0407204789316,1.5));
#2105=CARTESIAN_POINT('Ctrl Pts',(-35.3642390893454,27.9203170873889,0.));
#2106=CARTESIAN_POINT('Ctrl Pts',(-35.3642390893454,27.9203170873889,1.5));
#2107=CARTESIAN_POINT('Ctrl Pts',(-36.5878969614697,27.8275686468329,0.));
#2108=CARTESIAN_POINT('Ctrl Pts',(-36.5878969614697,27.8275686468329,1.5));
#2109=CARTESIAN_POINT('Ctrl Pts',(-37.789880328955,27.6071066265016,0.));
#2110=CARTESIAN_POINT('Ctrl Pts',(-37.789880328955,27.6071066265016,1.5));
#2111=CARTESIAN_POINT('Ctrl Pts',(-38.9658410155003,27.2302270318611,0.));
#2112=CARTESIAN_POINT('Ctrl Pts',(-38.9658410155003,27.2302270318611,1.5));
#2113=CARTESIAN_POINT('Ctrl Pts',(-39.0126237620566,27.2152337903693,0.));
#2114=CARTESIAN_POINT('Ctrl Pts',(-39.0126237620566,27.2152337903693,1.5));
#2115=CARTESIAN_POINT('Ctrl Pts',(-39.0566948068625,27.1905341084808,0.));
#2116=CARTESIAN_POINT('Ctrl Pts',(-39.0566948068625,27.1905341084808,1.5));
#2117=CARTESIAN_POINT('Ctrl Pts',(-39.1279118123898,27.1588371768968,0.));
#2118=CARTESIAN_POINT('Ctrl Pts',(-39.1279118123898,27.1588371768968,1.5));
#2119=CARTESIAN_POINT('',(-39.1279118123898,27.1588371768968,0.));
#2120=CARTESIAN_POINT('Ctrl Pts',(-39.1279118123898,27.1588371768968,0.));
#2121=CARTESIAN_POINT('Ctrl Pts',(-38.9615693383059,26.9143809864994,0.));
#2122=CARTESIAN_POINT('Ctrl Pts',(-38.8120181103988,26.6874836028821,0.));
#2123=CARTESIAN_POINT('Ctrl Pts',(-38.6549500313228,26.4667224112145,0.));
#2124=CARTESIAN_POINT('Ctrl Pts',(-38.5741648980636,26.353177874398,0.));
#2125=CARTESIAN_POINT('Ctrl Pts',(-38.4832143208456,26.2471616648654,0.));
#2126=CARTESIAN_POINT('Ctrl Pts',(-38.3896679566936,26.1453198405739,0.));
#2127=CARTESIAN_POINT('Ctrl Pts',(-38.3650973625739,26.1185703869553,0.));
#2128=CARTESIAN_POINT('Ctrl Pts',(-38.3091626791398,26.1016396359431,0.));
#2129=CARTESIAN_POINT('Ctrl Pts',(-38.2753281000021,26.1112580582846,0.));
#2130=CARTESIAN_POINT('Ctrl Pts',(-37.2724505995827,26.3963539454398,0.));
#2131=CARTESIAN_POINT('Ctrl Pts',(-36.2521020953878,26.5606245350368,0.));
#2132=CARTESIAN_POINT('Ctrl Pts',(-35.2179306934375,26.6402391303819,0.));
#2133=CARTESIAN_POINT('Ctrl Pts',(-34.3506917114346,26.7070026093269,0.));
#2134=CARTESIAN_POINT('Ctrl Pts',(-33.4847626497882,26.6915820186305,0.));
#2135=CARTESIAN_POINT('Ctrl Pts',(-32.6202582662907,26.6074337170432,0.));
#2136=CARTESIAN_POINT('Ctrl Pts',(-31.7664337394453,26.5243249611373,0.));
#2137=CARTESIAN_POINT('Ctrl Pts',(-30.924815258175,26.3596283859436,0.));
#2138=CARTESIAN_POINT('Ctrl Pts',(-30.0965556475154,26.1215221018945,0.));
#2139=CARTESIAN_POINT('Ctrl Pts',(-30.0053489808577,26.0953022063462,0.));
#2140=CARTESIAN_POINT('Ctrl Pts',(-29.9449240755564,26.1157388906812,0.));
#2141=CARTESIAN_POINT('Ctrl Pts',(-29.8916218399487,26.1912038597461,0.));
#2142=CARTESIAN_POINT('Ctrl Pts',(-29.6831504751445,26.4863563034752,0.));
#2143=CARTESIAN_POINT('Ctrl Pts',(-29.4747038269556,26.7815313242607,0.));
#2144=CARTESIAN_POINT('Ctrl Pts',(-29.2653899463344,27.0759981641127,0.));
#2145=CARTESIAN_POINT('Ctrl Pts',(-29.2060162100914,27.1595262914868,0.));
#2146=CARTESIAN_POINT('Ctrl Pts',(-29.2378554435036,27.1976488899751,0.));
#2147=CARTESIAN_POINT('Ctrl Pts',(-29.3200028936497,27.2197761126125,0.));
#2148=CARTESIAN_POINT('Ctrl Pts',(-29.7613775389665,27.3386647089847,0.));
#2149=CARTESIAN_POINT('Ctrl Pts',(-30.1996659947878,27.4725813693536,0.));
#2150=CARTESIAN_POINT('Ctrl Pts',(-30.6441701027789,27.575900580207,0.));
#2151=CARTESIAN_POINT('Ctrl Pts',(-32.2011406994638,27.9377981880793,0.));
#2152=CARTESIAN_POINT('Ctrl Pts',(-33.7757211907297,28.0407204789316,0.));
#2153=CARTESIAN_POINT('Ctrl Pts',(-35.3642390893454,27.9203170873889,0.));
#2154=CARTESIAN_POINT('Ctrl Pts',(-36.5878969614697,27.8275686468329,0.));
#2155=CARTESIAN_POINT('Ctrl Pts',(-37.789880328955,27.6071066265016,0.));
#2156=CARTESIAN_POINT('Ctrl Pts',(-38.9658410155003,27.2302270318611,0.));
#2157=CARTESIAN_POINT('Ctrl Pts',(-39.0126237620566,27.2152337903693,0.));
#2158=CARTESIAN_POINT('Ctrl Pts',(-39.0566948068625,27.1905341084808,0.));
#2159=CARTESIAN_POINT('Ctrl Pts',(-39.1279118123898,27.1588371768968,0.));
#2160=CARTESIAN_POINT('',(-39.1279118123898,27.1588371768968,1.5));
#2161=CARTESIAN_POINT('',(-39.1279118123898,27.1588371768968,0.));
#2162=CARTESIAN_POINT('Ctrl Pts',(-39.1279118123898,27.1588371768968,1.5));
#2163=CARTESIAN_POINT('Ctrl Pts',(-39.0566948068625,27.1905341084808,1.5));
#2164=CARTESIAN_POINT('Ctrl Pts',(-39.0126237620566,27.2152337903693,1.5));
#2165=CARTESIAN_POINT('Ctrl Pts',(-38.9658410155003,27.2302270318611,1.5));
#2166=CARTESIAN_POINT('Ctrl Pts',(-37.789880328955,27.6071066265016,1.5));
#2167=CARTESIAN_POINT('Ctrl Pts',(-36.5878969614697,27.8275686468329,1.5));
#2168=CARTESIAN_POINT('Ctrl Pts',(-35.3642390893454,27.9203170873889,1.5));
#2169=CARTESIAN_POINT('Ctrl Pts',(-33.7757211907297,28.0407204789316,1.5));
#2170=CARTESIAN_POINT('Ctrl Pts',(-32.2011406994638,27.9377981880793,1.5));
#2171=CARTESIAN_POINT('Ctrl Pts',(-30.6441701027789,27.575900580207,1.5));
#2172=CARTESIAN_POINT('Ctrl Pts',(-30.1996659947878,27.4725813693536,1.5));
#2173=CARTESIAN_POINT('Ctrl Pts',(-29.7613775389665,27.3386647089847,1.5));
#2174=CARTESIAN_POINT('Ctrl Pts',(-29.3200028936497,27.2197761126125,1.5));
#2175=CARTESIAN_POINT('Ctrl Pts',(-29.2378554435036,27.1976488899751,1.5));
#2176=CARTESIAN_POINT('Ctrl Pts',(-29.2060162100914,27.1595262914868,1.5));
#2177=CARTESIAN_POINT('Ctrl Pts',(-29.2653899463344,27.0759981641127,1.5));
#2178=CARTESIAN_POINT('Ctrl Pts',(-29.4747038269556,26.7815313242607,1.5));
#2179=CARTESIAN_POINT('Ctrl Pts',(-29.6831504751445,26.4863563034752,1.5));
#2180=CARTESIAN_POINT('Ctrl Pts',(-29.8916218399487,26.1912038597461,1.5));
#2181=CARTESIAN_POINT('Ctrl Pts',(-29.9449240755564,26.1157388906812,1.5));
#2182=CARTESIAN_POINT('Ctrl Pts',(-30.0053489808577,26.0953022063462,1.5));
#2183=CARTESIAN_POINT('Ctrl Pts',(-30.0965556475154,26.1215221018945,1.5));
#2184=CARTESIAN_POINT('Ctrl Pts',(-30.924815258175,26.3596283859436,1.5));
#2185=CARTESIAN_POINT('Ctrl Pts',(-31.7664337394453,26.5243249611373,1.5));
#2186=CARTESIAN_POINT('Ctrl Pts',(-32.6202582662907,26.6074337170432,1.5));
#2187=CARTESIAN_POINT('Ctrl Pts',(-33.4847626497882,26.6915820186305,1.5));
#2188=CARTESIAN_POINT('Ctrl Pts',(-34.3506917114346,26.7070026093269,1.5));
#2189=CARTESIAN_POINT('Ctrl Pts',(-35.2179306934375,26.6402391303819,1.5));
#2190=CARTESIAN_POINT('Ctrl Pts',(-36.2521020953878,26.5606245350368,1.5));
#2191=CARTESIAN_POINT('Ctrl Pts',(-37.2724505995827,26.3963539454398,1.5));
#2192=CARTESIAN_POINT('Ctrl Pts',(-38.2753281000021,26.1112580582846,1.5));
#2193=CARTESIAN_POINT('Ctrl Pts',(-38.3091626791398,26.1016396359431,1.5));
#2194=CARTESIAN_POINT('Ctrl Pts',(-38.3650973625739,26.1185703869553,1.5));
#2195=CARTESIAN_POINT('Ctrl Pts',(-38.3896679566936,26.1453198405739,1.5));
#2196=CARTESIAN_POINT('Ctrl Pts',(-38.4832143208456,26.2471616648654,1.5));
#2197=CARTESIAN_POINT('Ctrl Pts',(-38.5741648980636,26.353177874398,1.5));
#2198=CARTESIAN_POINT('Ctrl Pts',(-38.6549500313228,26.4667224112145,1.5));
#2199=CARTESIAN_POINT('Ctrl Pts',(-38.8120181103988,26.6874836028821,1.5));
#2200=CARTESIAN_POINT('Ctrl Pts',(-38.9615693383059,26.9143809864994,1.5));
#2201=CARTESIAN_POINT('Ctrl Pts',(-39.1279118123898,27.1588371768968,1.5));
#2202=CARTESIAN_POINT('Ctrl Pts',(-38.3061788230162,34.4602465083326,0.));
#2203=CARTESIAN_POINT('Ctrl Pts',(-38.3061788230162,34.4602465083326,1.5));
#2204=CARTESIAN_POINT('Ctrl Pts',(-36.9414764978205,34.7911790643203,0.));
#2205=CARTESIAN_POINT('Ctrl Pts',(-36.9414764978205,34.7911790643203,1.5));
#2206=CARTESIAN_POINT('Ctrl Pts',(-35.56342753502,34.9657679656582,0.));
#2207=CARTESIAN_POINT('Ctrl Pts',(-35.56342753502,34.9657679656582,1.5));
#2208=CARTESIAN_POINT('Ctrl Pts',(-32.7665497160796,34.9736557309156,0.));
#2209=CARTESIAN_POINT('Ctrl Pts',(-32.7665497160796,34.9736557309156,1.5));
#2210=CARTESIAN_POINT('Ctrl Pts',(-31.3861766244732,34.8058844293091,0.));
#2211=CARTESIAN_POINT('Ctrl Pts',(-31.3861766244732,34.8058844293091,1.5));
#2212=CARTESIAN_POINT('Ctrl Pts',(-30.0203872371401,34.4620816539903,0.));
#2213=CARTESIAN_POINT('Ctrl Pts',(-30.0203872371401,34.4620816539903,1.5));
#2214=CARTESIAN_POINT('',(-38.3061788230162,34.4602465083326,0.));
#2215=CARTESIAN_POINT('',(-30.0203872371401,34.4620816539903,0.));
#2216=CARTESIAN_POINT('Ctrl Pts',(-38.3061788230162,34.4602465083326,0.));
#2217=CARTESIAN_POINT('Ctrl Pts',(-36.9414764978205,34.7911790643203,0.));
#2218=CARTESIAN_POINT('Ctrl Pts',(-35.56342753502,34.9657679656582,0.));
#2219=CARTESIAN_POINT('Ctrl Pts',(-34.1663229754942,34.969708487214,0.));
#2220=CARTESIAN_POINT('Ctrl Pts',(-32.7665497160796,34.9736557309156,0.));
#2221=CARTESIAN_POINT('Ctrl Pts',(-31.3861766244732,34.8058844293091,0.));
#2222=CARTESIAN_POINT('Ctrl Pts',(-30.0203872371401,34.4620816539903,0.));
#2223=CARTESIAN_POINT('',(-38.3061788230162,34.4602465083326,1.5));
#2224=CARTESIAN_POINT('',(-38.3061788230162,34.4602465083326,0.));
#2225=CARTESIAN_POINT('',(-30.0203872371401,34.4620816539903,1.5));
#2226=CARTESIAN_POINT('Ctrl Pts',(-30.0203872371401,34.4620816539903,1.5));
#2227=CARTESIAN_POINT('Ctrl Pts',(-31.3861766244732,34.8058844293091,1.5));
#2228=CARTESIAN_POINT('Ctrl Pts',(-32.7665497160796,34.9736557309156,1.5));
#2229=CARTESIAN_POINT('Ctrl Pts',(-34.1663229754942,34.969708487214,1.5));
#2230=CARTESIAN_POINT('Ctrl Pts',(-35.56342753502,34.9657679656582,1.5));
#2231=CARTESIAN_POINT('Ctrl Pts',(-36.9414764978205,34.7911790643203,1.5));
#2232=CARTESIAN_POINT('Ctrl Pts',(-38.3061788230162,34.4602465083326,1.5));
#2233=CARTESIAN_POINT('',(-30.0203872371401,34.4620816539903,0.));
#2234=CARTESIAN_POINT('Ctrl Pts',(-30.0203872371401,34.4620816539903,0.));
#2235=CARTESIAN_POINT('Ctrl Pts',(-30.0203872371401,34.4620816539903,1.5));
#2236=CARTESIAN_POINT('Ctrl Pts',(-31.2051544181075,35.7561618395915,0.));
#2237=CARTESIAN_POINT('Ctrl Pts',(-31.2051544181075,35.7561618395915,1.5));
#2238=CARTESIAN_POINT('Ctrl Pts',(-32.6373186144394,36.4261782249201,0.));
#2239=CARTESIAN_POINT('Ctrl Pts',(-32.6373186144394,36.4261782249201,1.5));
#2240=CARTESIAN_POINT('Ctrl Pts',(-35.9004801883874,36.3332580108749,0.));
#2241=CARTESIAN_POINT('Ctrl Pts',(-35.9004801883874,36.3332580108749,1.5));
#2242=CARTESIAN_POINT('Ctrl Pts',(-37.2146573466929,35.6570169190292,0.));
#2243=CARTESIAN_POINT('Ctrl Pts',(-37.2146573466929,35.6570169190292,1.5));
#2244=CARTESIAN_POINT('Ctrl Pts',(-38.3061788230162,34.4602465083326,0.));
#2245=CARTESIAN_POINT('Ctrl Pts',(-38.3061788230162,34.4602465083326,1.5));
#2246=CARTESIAN_POINT('Ctrl Pts',(-30.0203872371401,34.4620816539903,0.));
#2247=CARTESIAN_POINT('Ctrl Pts',(-31.2051544181075,35.7561618395915,0.));
#2248=CARTESIAN_POINT('Ctrl Pts',(-32.6373186144394,36.4261782249201,0.));
#2249=CARTESIAN_POINT('Ctrl Pts',(-34.3341014762345,36.3778607891598,0.));
#2250=CARTESIAN_POINT('Ctrl Pts',(-35.9004801883874,36.3332580108749,0.));
#2251=CARTESIAN_POINT('Ctrl Pts',(-37.2146573466929,35.6570169190292,0.));
#2252=CARTESIAN_POINT('Ctrl Pts',(-38.3061788230162,34.4602465083326,0.));
#2253=CARTESIAN_POINT('Ctrl Pts',(-38.3061788230162,34.4602465083326,1.5));
#2254=CARTESIAN_POINT('Ctrl Pts',(-37.2146573466929,35.6570169190292,1.5));
#2255=CARTESIAN_POINT('Ctrl Pts',(-35.9004801883874,36.3332580108749,1.5));
#2256=CARTESIAN_POINT('Ctrl Pts',(-34.3341014762345,36.3778607891598,1.5));
#2257=CARTESIAN_POINT('Ctrl Pts',(-32.6373186144394,36.4261782249201,1.5));
#2258=CARTESIAN_POINT('Ctrl Pts',(-31.2051544181075,35.7561618395915,1.5));
#2259=CARTESIAN_POINT('Ctrl Pts',(-30.0203872371401,34.4620816539903,1.5));
#2260=CARTESIAN_POINT('Origin',(5.89088106120821,0.526237247387611,-4.49892342134099E-19));
#2261=CARTESIAN_POINT('',(5.89088106120821,0.526237247387611,-4.49892342134099E-19));
#2262=CARTESIAN_POINT('',(4.56235830420672,1.77021050632951,1.62247221853494E-16));
#2263=CARTESIAN_POINT('',(-7.09478779607655,12.6854755613752,6.16297582203915E-32));
#2264=CARTESIAN_POINT('',(5.89088106120821,0.526237247387612,1.5));
#2265=CARTESIAN_POINT('',(5.89088106120821,0.526237247387611,-4.49892342134099E-19));
#2266=CARTESIAN_POINT('',(4.56235830420672,1.77021050632951,1.5));
#2267=CARTESIAN_POINT('',(-7.09478779607654,12.6854755613752,1.5));
#2268=CARTESIAN_POINT('',(4.56235830420672,1.77021050632951,1.62247221853494E-16));
#2269=CARTESIAN_POINT('Origin',(5.88720741144692,0.522280338364292,0.));
#2270=CARTESIAN_POINT('',(5.88720741144692,0.522280338364292,0.));
#2271=CARTESIAN_POINT('',(5.27834371489253,-0.13353020739302,9.86076131526265E-31));
#2272=CARTESIAN_POINT('',(5.88720741144692,0.522280338364292,1.5));
#2273=CARTESIAN_POINT('',(5.88720741144692,0.522280338364292,0.));
#2274=CARTESIAN_POINT('',(5.27834371489253,-0.13353020739302,1.5));
#2275=CARTESIAN_POINT('Origin',(4.64873913651843,1.4888468532219,1.51668620873673E-16));
#2276=CARTESIAN_POINT('',(4.64873913651843,1.4888468532219,1.51668620873673E-16));
#2277=CARTESIAN_POINT('',(-8.7682851977083,11.9602062840818,0.));
#2278=CARTESIAN_POINT('',(4.64873913651843,1.4888468532219,1.5));
#2279=CARTESIAN_POINT('',(4.64873913651843,1.4888468532219,1.51668620873673E-16));
#2280=CARTESIAN_POINT('',(-8.7682851977083,11.9602062840818,1.5));
#2281=CARTESIAN_POINT('Ctrl Pts',(5.00000000000002,9.99200722162641E-15,
1.08651571660827E-16));
#2282=CARTESIAN_POINT('Ctrl Pts',(5.00000000000002,1.08246744900953E-14,
1.5));
#2283=CARTESIAN_POINT('Ctrl Pts',(5.01206032021102,0.128604872530601,1.07174608406517E-16));
#2284=CARTESIAN_POINT('Ctrl Pts',(5.01206032021102,0.128604872530602,1.5));
#2285=CARTESIAN_POINT('Ctrl Pts',(4.97378401818499,0.243563933862584,1.11862103482454E-16));
#2286=CARTESIAN_POINT('Ctrl Pts',(4.97378401818499,0.243563933862585,1.5));
#2287=CARTESIAN_POINT('Ctrl Pts',(4.94421375182514,0.358633356001415,1.15483416687208E-16));
#2288=CARTESIAN_POINT('Ctrl Pts',(4.94421375182514,0.358633356001416,1.5));
#2289=CARTESIAN_POINT('Ctrl Pts',(4.85087834365699,0.721837777371814,1.26913707573231E-16));
#2290=CARTESIAN_POINT('Ctrl Pts',(4.85087834365699,0.721837777371815,1.5));
#2291=CARTESIAN_POINT('Ctrl Pts',(4.75313617524828,1.08390935999949,1.38883670941576E-16));
#2292=CARTESIAN_POINT('Ctrl Pts',(4.75313617524828,1.08390935999949,1.5));
#2293=CARTESIAN_POINT('Ctrl Pts',(4.65726662913271,1.44646325762552,1.5062430422019E-16));
#2294=CARTESIAN_POINT('Ctrl Pts',(4.65726662913271,1.44646325762552,1.5));
#2295=CARTESIAN_POINT('Ctrl Pts',(4.65337471962003,1.4611814556373,1.51100925672917E-16));
#2296=CARTESIAN_POINT('Ctrl Pts',(4.65337471962003,1.46118145563731,1.5));
#2297=CARTESIAN_POINT('Ctrl Pts',(4.65121450593752,1.47635696081111,1.51365475550093E-16));
#2298=CARTESIAN_POINT('Ctrl Pts',(4.65121450593752,1.47635696081111,1.5));
#2299=CARTESIAN_POINT('Ctrl Pts',(4.64873913651843,1.4888468532219,1.51668620873673E-16));
#2300=CARTESIAN_POINT('Ctrl Pts',(4.64873913651843,1.4888468532219,1.5));
#2301=CARTESIAN_POINT('',(5.00000000000002,9.99200722162641E-15,1.08651571660827E-16));
#2302=CARTESIAN_POINT('Ctrl Pts',(5.00000000000002,9.99200722162641E-15,
1.08651571660827E-16));
#2303=CARTESIAN_POINT('Ctrl Pts',(5.01206032021102,0.128604872530601,1.07174608406517E-16));
#2304=CARTESIAN_POINT('Ctrl Pts',(4.97378401818499,0.243563933862584,1.11862103482454E-16));
#2305=CARTESIAN_POINT('Ctrl Pts',(4.94421375182514,0.358633356001415,1.15483416687208E-16));
#2306=CARTESIAN_POINT('Ctrl Pts',(4.85087834365699,0.721837777371814,1.26913707573231E-16));
#2307=CARTESIAN_POINT('Ctrl Pts',(4.75313617524828,1.08390935999949,1.38883670941576E-16));
#2308=CARTESIAN_POINT('Ctrl Pts',(4.65726662913271,1.44646325762552,1.5062430422019E-16));
#2309=CARTESIAN_POINT('Ctrl Pts',(4.65337471962003,1.4611814556373,1.51100925672917E-16));
#2310=CARTESIAN_POINT('Ctrl Pts',(4.65121450593752,1.47635696081111,1.51365475550093E-16));
#2311=CARTESIAN_POINT('Ctrl Pts',(4.64873913651843,1.4888468532219,1.51668620873673E-16));
#2312=CARTESIAN_POINT('',(5.00000000000002,1.08246744900953E-14,1.5));
#2313=CARTESIAN_POINT('',(5.00000000000002,9.99200722162641E-15,1.08651571660827E-16));
#2314=CARTESIAN_POINT('Ctrl Pts',(4.64873913651843,1.4888468532219,1.5));
#2315=CARTESIAN_POINT('Ctrl Pts',(4.65121450593752,1.47635696081111,1.5));
#2316=CARTESIAN_POINT('Ctrl Pts',(4.65337471962003,1.46118145563731,1.5));
#2317=CARTESIAN_POINT('Ctrl Pts',(4.65726662913271,1.44646325762552,1.5));
#2318=CARTESIAN_POINT('Ctrl Pts',(4.75313617524828,1.08390935999949,1.5));
#2319=CARTESIAN_POINT('Ctrl Pts',(4.85087834365699,0.721837777371815,1.5));
#2320=CARTESIAN_POINT('Ctrl Pts',(4.94421375182514,0.358633356001416,1.5));
#2321=CARTESIAN_POINT('Ctrl Pts',(4.97378401818499,0.243563933862585,1.5));
#2322=CARTESIAN_POINT('Ctrl Pts',(5.01206032021102,0.128604872530602,1.5));
#2323=CARTESIAN_POINT('Ctrl Pts',(5.00000000000002,1.08246744900953E-14,
1.5));
#2324=CARTESIAN_POINT('Ctrl Pts',(4.04847497192422,3.64891867644589,2.25179779654989E-16));
#2325=CARTESIAN_POINT('Ctrl Pts',(4.04847497192422,3.64891867644589,1.5));
#2326=CARTESIAN_POINT('Ctrl Pts',(3.97108027321971,3.58475027962578,2.34657896658934E-16));
#2327=CARTESIAN_POINT('Ctrl Pts',(3.97108027321971,3.58475027962578,1.5));
#2328=CARTESIAN_POINT('Ctrl Pts',(3.95379448838972,3.51379652917513,2.36774794765214E-16));
#2329=CARTESIAN_POINT('Ctrl Pts',(3.95379448838972,3.51379652917513,1.5));
#2330=CARTESIAN_POINT('Ctrl Pts',(3.97977959471321,3.41809564590189,2.33592537036758E-16));
#2331=CARTESIAN_POINT('Ctrl Pts',(3.97977959471321,3.41809564590189,1.5));
#2332=CARTESIAN_POINT('Ctrl Pts',(4.12465807330371,2.88452082824332,2.15850040529637E-16));
#2333=CARTESIAN_POINT('Ctrl Pts',(4.12465807330371,2.88452082824332,1.5));
#2334=CARTESIAN_POINT('Ctrl Pts',(4.26361054254203,2.34933907286661,1.98833270861005E-16));
#2335=CARTESIAN_POINT('Ctrl Pts',(4.26361054254203,2.34933907286661,1.5));
#2336=CARTESIAN_POINT('Ctrl Pts',(4.55375523272421,1.25854447710149,1.63300794248884E-16));
#2337=CARTESIAN_POINT('Ctrl Pts',(4.55375523272421,1.2585444771015,1.5));
#2338=CARTESIAN_POINT('Ctrl Pts',(4.70347793918933,0.702530038880134,1.44965050925665E-16));
#2339=CARTESIAN_POINT('Ctrl Pts',(4.70347793918933,0.702530038880135,1.5));
#2340=CARTESIAN_POINT('Ctrl Pts',(4.87231559362738,0.0672516149004709,1.24288401617355E-16));
#2341=CARTESIAN_POINT('Ctrl Pts',(4.87231559362738,0.0672516149004718,1.5));
#2342=CARTESIAN_POINT('Ctrl Pts',(4.92646305342733,0.0282348439295987,1.17657250284758E-16));
#2343=CARTESIAN_POINT('Ctrl Pts',(4.92646305342733,0.0282348439295996,1.5));
#2344=CARTESIAN_POINT('Ctrl Pts',(5.00000000000002,9.99200722162641E-15,
1.08651571660827E-16));
#2345=CARTESIAN_POINT('Ctrl Pts',(5.00000000000002,1.08246744900953E-14,
1.5));
#2346=CARTESIAN_POINT('',(4.04847497192422,3.64891867644589,2.25179779654989E-16));
#2347=CARTESIAN_POINT('Ctrl Pts',(4.04847497192422,3.64891867644589,2.25179779654989E-16));
#2348=CARTESIAN_POINT('Ctrl Pts',(3.97108027321971,3.58475027962578,2.34657896658934E-16));
#2349=CARTESIAN_POINT('Ctrl Pts',(3.95379448838972,3.51379652917513,2.36774794765214E-16));
#2350=CARTESIAN_POINT('Ctrl Pts',(3.97977959471321,3.41809564590189,2.33592537036758E-16));
#2351=CARTESIAN_POINT('Ctrl Pts',(4.12465807330371,2.88452082824332,2.15850040529637E-16));
#2352=CARTESIAN_POINT('Ctrl Pts',(4.26361054254203,2.34933907286661,1.98833270861005E-16));
#2353=CARTESIAN_POINT('Ctrl Pts',(4.40573821866233,1.81501262570077,1.81427650497908E-16));
#2354=CARTESIAN_POINT('Ctrl Pts',(4.55375523272421,1.25854447710149,1.63300794248884E-16));
#2355=CARTESIAN_POINT('Ctrl Pts',(4.70347793918933,0.702530038880134,1.44965050925665E-16));
#2356=CARTESIAN_POINT('Ctrl Pts',(4.85137835499462,0.146031292368615,1.26852473844815E-16));
#2357=CARTESIAN_POINT('Ctrl Pts',(4.87231559362738,0.0672516149004709,1.24288401617355E-16));
#2358=CARTESIAN_POINT('Ctrl Pts',(4.92646305342733,0.0282348439295987,1.17657250284758E-16));
#2359=CARTESIAN_POINT('Ctrl Pts',(5.00000000000002,9.99200722162641E-15,
1.08651571660827E-16));
#2360=CARTESIAN_POINT('',(4.04847497192422,3.64891867644589,1.5));
#2361=CARTESIAN_POINT('',(4.04847497192422,3.64891867644589,2.25179779654989E-16));
#2362=CARTESIAN_POINT('Ctrl Pts',(5.00000000000002,1.08246744900953E-14,
1.5));
#2363=CARTESIAN_POINT('Ctrl Pts',(4.92646305342733,0.0282348439295996,1.5));
#2364=CARTESIAN_POINT('Ctrl Pts',(4.87231559362738,0.0672516149004718,1.5));
#2365=CARTESIAN_POINT('Ctrl Pts',(4.85137835499462,0.146031292368616,1.5));
#2366=CARTESIAN_POINT('Ctrl Pts',(4.70347793918933,0.702530038880135,1.5));
#2367=CARTESIAN_POINT('Ctrl Pts',(4.55375523272421,1.2585444771015,1.5));
#2368=CARTESIAN_POINT('Ctrl Pts',(4.40573821866233,1.81501262570078,1.5));
#2369=CARTESIAN_POINT('Ctrl Pts',(4.26361054254203,2.34933907286661,1.5));
#2370=CARTESIAN_POINT('Ctrl Pts',(4.12465807330371,2.88452082824332,1.5));
#2371=CARTESIAN_POINT('Ctrl Pts',(3.97977959471321,3.41809564590189,1.5));
#2372=CARTESIAN_POINT('Ctrl Pts',(3.95379448838972,3.51379652917513,1.5));
#2373=CARTESIAN_POINT('Ctrl Pts',(3.97108027321971,3.58475027962578,1.5));
#2374=CARTESIAN_POINT('Ctrl Pts',(4.04847497192422,3.64891867644589,1.5));
#2375=CARTESIAN_POINT('Ctrl Pts',(4.80526232607831,2.23725399674499,1.32500058564988E-16));
#2376=CARTESIAN_POINT('Ctrl Pts',(4.80526232607831,2.23725399674499,1.5));
#2377=CARTESIAN_POINT('Ctrl Pts',(4.68894774024381,2.3342410635381,1.46744487088626E-16));
#2378=CARTESIAN_POINT('Ctrl Pts',(4.68894774024381,2.3342410635381,1.5));
#2379=CARTESIAN_POINT('Ctrl Pts',(4.57863812155814,2.4364621284309,1.60253519232483E-16));
#2380=CARTESIAN_POINT('Ctrl Pts',(4.57863812155814,2.4364621284309,1.5));
#2381=CARTESIAN_POINT('Ctrl Pts',(4.37383618470732,2.58395881107291,1.85334522874836E-16));
#2382=CARTESIAN_POINT('Ctrl Pts',(4.37383618470732,2.58395881107291,1.5));
#2383=CARTESIAN_POINT('Ctrl Pts',(4.33741915299907,2.66060234114177,1.89794323006431E-16));
#2384=CARTESIAN_POINT('Ctrl Pts',(4.33741915299907,2.66060234114178,1.5));
#2385=CARTESIAN_POINT('Ctrl Pts',(4.23491616400547,3.03120577171852,2.02347318743837E-16));
#2386=CARTESIAN_POINT('Ctrl Pts',(4.23491616400547,3.03120577171852,1.5));
#2387=CARTESIAN_POINT('Ctrl Pts',(4.15218014458368,3.30603707458893,2.12479558879745E-16));
#2388=CARTESIAN_POINT('Ctrl Pts',(4.15218014458368,3.30603707458893,1.5));
#2389=CARTESIAN_POINT('Ctrl Pts',(4.06528358522165,3.60320695187053,2.23121318207709E-16));
#2390=CARTESIAN_POINT('Ctrl Pts',(4.06528358522165,3.60320695187053,1.5));
#2391=CARTESIAN_POINT('Ctrl Pts',(4.05696241419812,3.62436846382277,2.2414036775362E-16));
#2392=CARTESIAN_POINT('Ctrl Pts',(4.05696241419812,3.62436846382277,1.5));
#2393=CARTESIAN_POINT('Ctrl Pts',(4.04847497192422,3.64891867644589,2.25179779654989E-16));
#2394=CARTESIAN_POINT('Ctrl Pts',(4.04847497192422,3.64891867644589,1.5));
#2395=CARTESIAN_POINT('',(4.80526232607831,2.23725399674499,1.32500058564988E-16));
#2396=CARTESIAN_POINT('Ctrl Pts',(4.80526232607831,2.23725399674499,1.32500058564988E-16));
#2397=CARTESIAN_POINT('Ctrl Pts',(4.68894774024381,2.3342410635381,1.46744487088626E-16));
#2398=CARTESIAN_POINT('Ctrl Pts',(4.57863812155814,2.4364621284309,1.60253519232483E-16));
#2399=CARTESIAN_POINT('Ctrl Pts',(4.45752718448812,2.5236853098457,1.75085331374937E-16));
#2400=CARTESIAN_POINT('Ctrl Pts',(4.37383618470732,2.58395881107291,1.85334522874836E-16));
#2401=CARTESIAN_POINT('Ctrl Pts',(4.33741915299907,2.66060234114177,1.89794323006431E-16));
#2402=CARTESIAN_POINT('Ctrl Pts',(4.31140739380401,2.75464883956758,1.92979844770274E-16));
#2403=CARTESIAN_POINT('Ctrl Pts',(4.23491616400547,3.03120577171852,2.02347318743837E-16));
#2404=CARTESIAN_POINT('Ctrl Pts',(4.15218014458368,3.30603707458893,2.12479558879745E-16));
#2405=CARTESIAN_POINT('Ctrl Pts',(4.07163957196553,3.5814706735351,2.22342934325576E-16));
#2406=CARTESIAN_POINT('Ctrl Pts',(4.06528358522165,3.60320695187053,2.23121318207709E-16));
#2407=CARTESIAN_POINT('Ctrl Pts',(4.05696241419812,3.62436846382277,2.2414036775362E-16));
#2408=CARTESIAN_POINT('Ctrl Pts',(4.04847497192422,3.64891867644589,2.25179779654989E-16));
#2409=CARTESIAN_POINT('',(4.80526232607831,2.23725399674499,1.5));
#2410=CARTESIAN_POINT('',(4.80526232607831,2.23725399674499,1.32500058564988E-16));
#2411=CARTESIAN_POINT('Ctrl Pts',(4.04847497192422,3.64891867644589,1.5));
#2412=CARTESIAN_POINT('Ctrl Pts',(4.05696241419812,3.62436846382277,1.5));
#2413=CARTESIAN_POINT('Ctrl Pts',(4.06528358522165,3.60320695187053,1.5));
#2414=CARTESIAN_POINT('Ctrl Pts',(4.07163957196553,3.5814706735351,1.5));
#2415=CARTESIAN_POINT('Ctrl Pts',(4.15218014458368,3.30603707458893,1.5));
#2416=CARTESIAN_POINT('Ctrl Pts',(4.23491616400547,3.03120577171852,1.5));
#2417=CARTESIAN_POINT('Ctrl Pts',(4.31140739380401,2.75464883956758,1.5));
#2418=CARTESIAN_POINT('Ctrl Pts',(4.33741915299907,2.66060234114178,1.5));
#2419=CARTESIAN_POINT('Ctrl Pts',(4.37383618470732,2.58395881107291,1.5));
#2420=CARTESIAN_POINT('Ctrl Pts',(4.45752718448812,2.5236853098457,1.5));
#2421=CARTESIAN_POINT('Ctrl Pts',(4.57863812155814,2.4364621284309,1.5));
#2422=CARTESIAN_POINT('Ctrl Pts',(4.68894774024381,2.3342410635381,1.5));
#2423=CARTESIAN_POINT('Ctrl Pts',(4.80526232607831,2.23725399674499,1.5));
#2424=CARTESIAN_POINT('Origin',(5.61634114635171,3.63535194665999,3.31715504545845E-17));
#2425=CARTESIAN_POINT('',(5.61634114635171,3.63535194665999,3.31715504545845E-17));
#2426=CARTESIAN_POINT('',(6.50817167620912,5.17264573895129,0.));
#2427=CARTESIAN_POINT('',(5.61634114635171,3.63535194665999,1.5));
#2428=CARTESIAN_POINT('',(5.61634114635171,3.63535194665999,3.31715504545845E-17));
#2429=CARTESIAN_POINT('',(6.50817167620912,5.17264573895129,1.5));
#2430=CARTESIAN_POINT('Origin',(6.54263381407582,3.4545750461721,-8.02665846056148E-17));
#2431=CARTESIAN_POINT('',(6.54263381407582,3.4545750461721,-8.02665846056148E-17));
#2432=CARTESIAN_POINT('',(-8.79840012828565,6.44855811762798,0.));
#2433=CARTESIAN_POINT('',(6.54263381407582,3.4545750461721,1.5));
#2434=CARTESIAN_POINT('',(6.54263381407582,3.4545750461721,-8.02665846056148E-17));
#2435=CARTESIAN_POINT('',(-8.79840012828565,6.44855811762798,1.5));
#2436=CARTESIAN_POINT('Origin',(5.46878212731062,1.72093889817709,5.12423184899845E-17));
#2437=CARTESIAN_POINT('',(5.46878212731062,1.72093889817709,5.12423184899845E-17));
#2438=CARTESIAN_POINT('',(6.59984866952804,3.54694324080898,0.));
#2439=CARTESIAN_POINT('',(5.46878212731062,1.72093889817709,1.5));
#2440=CARTESIAN_POINT('',(5.46878212731062,1.72093889817709,5.12423184899845E-17));
#2441=CARTESIAN_POINT('',(6.59984866952804,3.54694324080898,1.5));
#2442=CARTESIAN_POINT('Ctrl Pts',(7.70423708834841,0.0204259965334264,-2.22521957777317E-16));
#2443=CARTESIAN_POINT('Ctrl Pts',(7.70423708834841,0.0204259965334272,1.5));
#2444=CARTESIAN_POINT('Ctrl Pts',(7.33468613882202,0.184751250788395,-1.7726501903138E-16));
#2445=CARTESIAN_POINT('Ctrl Pts',(7.33468613882202,0.184751250788396,1.5));
#2446=CARTESIAN_POINT('Ctrl Pts',(7.01633244364291,0.4267215183837,-1.38277935651597E-16));
#2447=CARTESIAN_POINT('Ctrl Pts',(7.01633244364291,0.426721518383701,1.5));
#2448=CARTESIAN_POINT('Ctrl Pts',(6.31078110222942,1.00983057196692,-5.18728164619818E-17));
#2449=CARTESIAN_POINT('Ctrl Pts',(6.31078110222942,1.00983057196692,1.5));
#2450=CARTESIAN_POINT('Ctrl Pts',(5.91694371411881,1.34116711183511,-3.64164678856066E-18));
#2451=CARTESIAN_POINT('Ctrl Pts',(5.91694371411881,1.34116711183512,1.5));
#2452=CARTESIAN_POINT('Ctrl Pts',(5.5045230752312,1.68583497232941,4.68653147430418E-17));
#2453=CARTESIAN_POINT('Ctrl Pts',(5.5045230752312,1.68583497232941,1.5));
#2454=CARTESIAN_POINT('Ctrl Pts',(5.48858960447351,1.70235295639041,4.88166021393133E-17));
#2455=CARTESIAN_POINT('Ctrl Pts',(5.48858960447351,1.70235295639041,1.5));
#2456=CARTESIAN_POINT('Ctrl Pts',(5.46878212731062,1.72093889817709,5.12423184899845E-17));
#2457=CARTESIAN_POINT('Ctrl Pts',(5.46878212731062,1.72093889817709,1.5));
#2458=CARTESIAN_POINT('',(7.70423708834841,0.0204259965334264,-2.22521957777317E-16));
#2459=CARTESIAN_POINT('Ctrl Pts',(7.70423708834841,0.0204259965334264,-2.22521957777317E-16));
#2460=CARTESIAN_POINT('Ctrl Pts',(7.33468613882202,0.184751250788395,-1.7726501903138E-16));
#2461=CARTESIAN_POINT('Ctrl Pts',(7.01633244364291,0.4267215183837,-1.38277935651597E-16));
#2462=CARTESIAN_POINT('Ctrl Pts',(6.70748876636091,0.681967827811406,-1.00455493569567E-16));
#2463=CARTESIAN_POINT('Ctrl Pts',(6.31078110222942,1.00983057196692,-5.18728164619818E-17));
#2464=CARTESIAN_POINT('Ctrl Pts',(5.91694371411881,1.34116711183511,-3.64164678856066E-18));
#2465=CARTESIAN_POINT('Ctrl Pts',(5.52203228458323,1.6712021892985,4.47210550241858E-17));
#2466=CARTESIAN_POINT('Ctrl Pts',(5.5045230752312,1.68583497232941,4.68653147430418E-17));
#2467=CARTESIAN_POINT('Ctrl Pts',(5.48858960447351,1.70235295639041,4.88166021393133E-17));
#2468=CARTESIAN_POINT('Ctrl Pts',(5.46878212731062,1.72093889817709,5.12423184899845E-17));
#2469=CARTESIAN_POINT('',(7.70423708834841,0.0204259965334272,1.5));
#2470=CARTESIAN_POINT('',(7.70423708834841,0.0204259965334264,-2.22521957777317E-16));
#2471=CARTESIAN_POINT('Ctrl Pts',(5.46878212731062,1.72093889817709,1.5));
#2472=CARTESIAN_POINT('Ctrl Pts',(5.48858960447351,1.70235295639041,1.5));
#2473=CARTESIAN_POINT('Ctrl Pts',(5.5045230752312,1.68583497232941,1.5));
#2474=CARTESIAN_POINT('Ctrl Pts',(5.52203228458323,1.6712021892985,1.5));
#2475=CARTESIAN_POINT('Ctrl Pts',(5.91694371411881,1.34116711183512,1.5));
#2476=CARTESIAN_POINT('Ctrl Pts',(6.31078110222942,1.00983057196692,1.5));
#2477=CARTESIAN_POINT('Ctrl Pts',(6.70748876636091,0.681967827811407,1.5));
#2478=CARTESIAN_POINT('Ctrl Pts',(7.01633244364291,0.426721518383701,1.5));
#2479=CARTESIAN_POINT('Ctrl Pts',(7.33468613882202,0.184751250788396,1.5));
#2480=CARTESIAN_POINT('Ctrl Pts',(7.70423708834841,0.0204259965334272,1.5));
#2481=CARTESIAN_POINT('Ctrl Pts',(7.7105527686215,0.00872709834317975,-2.23295405540405E-16));
#2482=CARTESIAN_POINT('Ctrl Pts',(7.7105527686215,0.00872709834318058,1.5));
#2483=CARTESIAN_POINT('Ctrl Pts',(7.7081956123039,0.0132992968684253,-2.23006737146461E-16));
#2484=CARTESIAN_POINT('Ctrl Pts',(7.7081956123039,0.0132992968684262,1.5));
#2485=CARTESIAN_POINT('Ctrl Pts',(7.7072124410475,0.0191027203706828,-2.22886333393244E-16));
#2486=CARTESIAN_POINT('Ctrl Pts',(7.7072124410475,0.0191027203706837,1.5));
#2487=CARTESIAN_POINT('Ctrl Pts',(7.70423708834841,0.0204259965334264,-2.22521957777317E-16));
#2488=CARTESIAN_POINT('Ctrl Pts',(7.70423708834841,0.0204259965334272,1.5));
#2489=CARTESIAN_POINT('',(7.7105527686215,0.00872709834317975,-2.23295405540405E-16));
#2490=CARTESIAN_POINT('Ctrl Pts',(7.7105527686215,0.00872709834317975,-2.23295405540405E-16));
#2491=CARTESIAN_POINT('Ctrl Pts',(7.7081956123039,0.0132992968684253,-2.23006737146461E-16));
#2492=CARTESIAN_POINT('Ctrl Pts',(7.7072124410475,0.0191027203706828,-2.22886333393244E-16));
#2493=CARTESIAN_POINT('Ctrl Pts',(7.70423708834841,0.0204259965334264,-2.22521957777317E-16));
#2494=CARTESIAN_POINT('',(7.7105527686215,0.00872709834318058,1.5));
#2495=CARTESIAN_POINT('',(7.7105527686215,0.00872709834317975,-2.23295405540405E-16));
#2496=CARTESIAN_POINT('Ctrl Pts',(7.70423708834841,0.0204259965334272,1.5));
#2497=CARTESIAN_POINT('Ctrl Pts',(7.7072124410475,0.0191027203706837,1.5));
#2498=CARTESIAN_POINT('Ctrl Pts',(7.7081956123039,0.0132992968684262,1.5));
#2499=CARTESIAN_POINT('Ctrl Pts',(7.7105527686215,0.00872709834318058,1.5));
#2500=CARTESIAN_POINT('Origin',(6.14097993291944,0.00872709834317864,-3.10781706132866E-17));
#2501=CARTESIAN_POINT('',(6.14097993291944,0.00872709834317864,-3.10781706132866E-17));
#2502=CARTESIAN_POINT('',(-7.63490857330359,0.00872709834316865,0.));
#2503=CARTESIAN_POINT('',(6.14097993291944,0.00872709834317947,1.5));
#2504=CARTESIAN_POINT('',(6.14097993291944,0.00872709834317864,-3.10781706132866E-17));
#2505=CARTESIAN_POINT('',(-7.63490857330359,0.00872709834316907,1.5));
#2506=CARTESIAN_POINT('Ctrl Pts',(6.45739764632791,0.189768847856115,-6.9828164605208E-17));
#2507=CARTESIAN_POINT('Ctrl Pts',(6.45739764632791,0.189768847856116,1.5));
#2508=CARTESIAN_POINT('Ctrl Pts',(6.38660802390371,0.0660145883127972,-6.11589361537427E-17));
#2509=CARTESIAN_POINT('Ctrl Pts',(6.38660802390371,0.066014588312798,1.5));
#2510=CARTESIAN_POINT('Ctrl Pts',(6.25964004755362,0.0587832409844247,-4.56098435706075E-17));
#2511=CARTESIAN_POINT('Ctrl Pts',(6.25964004755362,0.0587832409844255,1.5));
#2512=CARTESIAN_POINT('Ctrl Pts',(6.14097993291944,0.00872709834317864,
-3.10781706132866E-17));
#2513=CARTESIAN_POINT('Ctrl Pts',(6.14097993291944,0.00872709834317947,
1.5));
#2514=CARTESIAN_POINT('',(6.45739764632791,0.189768847856115,-6.9828164605208E-17));
#2515=CARTESIAN_POINT('Ctrl Pts',(6.45739764632791,0.189768847856115,-6.9828164605208E-17));
#2516=CARTESIAN_POINT('Ctrl Pts',(6.38660802390371,0.0660145883127972,-6.11589361537427E-17));
#2517=CARTESIAN_POINT('Ctrl Pts',(6.25964004755362,0.0587832409844247,-4.56098435706075E-17));
#2518=CARTESIAN_POINT('Ctrl Pts',(6.14097993291944,0.00872709834317864,
-3.10781706132866E-17));
#2519=CARTESIAN_POINT('',(6.45739764632791,0.189768847856116,1.5));
#2520=CARTESIAN_POINT('',(6.45739764632791,0.189768847856115,-6.9828164605208E-17));
#2521=CARTESIAN_POINT('Ctrl Pts',(6.14097993291944,0.00872709834317947,
1.5));
#2522=CARTESIAN_POINT('Ctrl Pts',(6.25964004755362,0.0587832409844255,1.5));
#2523=CARTESIAN_POINT('Ctrl Pts',(6.38660802390371,0.066014588312798,1.5));
#2524=CARTESIAN_POINT('Ctrl Pts',(6.45739764632791,0.189768847856116,1.5));
#2525=CARTESIAN_POINT('Origin',(4.58041067210241,1.79091297940579,1.60036444397447E-16));
#2526=CARTESIAN_POINT('',(4.58041067210241,1.79091297940579,1.60036444397447E-16));
#2527=CARTESIAN_POINT('',(-8.28225422683497,12.7632749093663,0.));
#2528=CARTESIAN_POINT('',(4.58041067210241,1.7909129794058,1.5));
#2529=CARTESIAN_POINT('',(4.58041067210241,1.79091297940579,1.60036444397447E-16));
#2530=CARTESIAN_POINT('',(-8.28225422683497,12.7632749093663,1.5));
#2531=CARTESIAN_POINT('Origin',(4.56235830420672,1.77021050632951,1.62247221853494E-16));
#2532=CARTESIAN_POINT('',(4.31601999625047,1.48770949496131,0.));
#2533=CARTESIAN_POINT('',(4.31601999625047,1.48770949496131,1.5));
#2534=CARTESIAN_POINT('Ctrl Pts',(-0.555615331804278,3.73596292327609,7.89018224999637E-16));
#2535=CARTESIAN_POINT('Ctrl Pts',(-0.555615331804278,3.73596292327609,1.5));
#2536=CARTESIAN_POINT('Ctrl Pts',(-0.55883478163786,3.75366646562967,7.89412493893009E-16));
#2537=CARTESIAN_POINT('Ctrl Pts',(-0.55883478163786,3.75366646562967,1.5));
#2538=CARTESIAN_POINT('Ctrl Pts',(-0.56358047474323,3.77124533760855,7.89993673680132E-16));
#2539=CARTESIAN_POINT('Ctrl Pts',(-0.56358047474323,3.77124533760855,1.5));
#2540=CARTESIAN_POINT('Ctrl Pts',(-0.565044118568268,3.789092929534,7.90172918352674E-16));
#2541=CARTESIAN_POINT('Ctrl Pts',(-0.565044118568268,3.789092929534,1.5));
#2542=CARTESIAN_POINT('Ctrl Pts',(-0.585964340613989,4.04419296116419,7.92734906649249E-16));
#2543=CARTESIAN_POINT('Ctrl Pts',(-0.585964340613989,4.04419296116419,1.5));
#2544=CARTESIAN_POINT('Ctrl Pts',(-0.48192772869176,4.24922501376859,7.79994096270779E-16));
#2545=CARTESIAN_POINT('Ctrl Pts',(-0.48192772869176,4.24922501376859,1.5));
#2546=CARTESIAN_POINT('Ctrl Pts',(-0.304111387570272,4.42107308786698,7.58217874971726E-16));
#2547=CARTESIAN_POINT('Ctrl Pts',(-0.304111387570272,4.42107308786699,1.5));
#2548=CARTESIAN_POINT('Ctrl Pts',(-0.102927102438058,4.61550477913215,7.33579905889135E-16));
#2549=CARTESIAN_POINT('Ctrl Pts',(-0.102927102438058,4.61550477913215,1.5));
#2550=CARTESIAN_POINT('Ctrl Pts',(0.144580859934255,4.72879261529501,7.03268922500861E-16));
#2551=CARTESIAN_POINT('Ctrl Pts',(0.144580859934255,4.72879261529501,1.5));
#2552=CARTESIAN_POINT('Ctrl Pts',(0.40770686313764,4.81144892243948,6.71045280741315E-16));
#2553=CARTESIAN_POINT('Ctrl Pts',(0.40770686313764,4.81144892243948,1.5));
#2554=CARTESIAN_POINT('Ctrl Pts',(0.751205130474781,4.9193527325645,6.28978875380605E-16));
#2555=CARTESIAN_POINT('Ctrl Pts',(0.751205130474781,4.9193527325645,1.5));
#2556=CARTESIAN_POINT('Ctrl Pts',(1.1041331608763,4.97312613759723,5.85757657104545E-16));
#2557=CARTESIAN_POINT('Ctrl Pts',(1.1041331608763,4.97312613759723,1.5));
#2558=CARTESIAN_POINT('Ctrl Pts',(1.46326943281782,4.98157889214327,5.41776148515456E-16));
#2559=CARTESIAN_POINT('Ctrl Pts',(1.46326943281782,4.98157889214328,1.5));
#2560=CARTESIAN_POINT('Ctrl Pts',(1.6848954035324,4.98679515704838,5.14634794951102E-16));
#2561=CARTESIAN_POINT('Ctrl Pts',(1.6848954035324,4.98679515704838,1.5));
#2562=CARTESIAN_POINT('Ctrl Pts',(1.90763443266891,4.99226672416369,4.87357131043381E-16));
#2563=CARTESIAN_POINT('Ctrl Pts',(1.90763443266891,4.99226672416369,1.5));
#2564=CARTESIAN_POINT('Ctrl Pts',(2.12835798004014,4.97645955429188,4.60326292464918E-16));
#2565=CARTESIAN_POINT('Ctrl Pts',(2.12835798004014,4.97645955429188,1.5));
#2566=CARTESIAN_POINT('Ctrl Pts',(2.41612098605508,4.9558513374837,4.25085488041997E-16));
#2567=CARTESIAN_POINT('Ctrl Pts',(2.41612098605508,4.9558513374837,1.5));
#2568=CARTESIAN_POINT('Ctrl Pts',(2.70299511444612,4.91880142205857,3.89953539732769E-16));
#2569=CARTESIAN_POINT('Ctrl Pts',(2.70299511444612,4.91880142205857,1.5));
#2570=CARTESIAN_POINT('Ctrl Pts',(2.98906886152333,4.88008939193388,3.5491960986495E-16));
#2571=CARTESIAN_POINT('Ctrl Pts',(2.98906886152333,4.88008939193389,1.5));
#2572=CARTESIAN_POINT('Ctrl Pts',(3.17033154641014,4.85556058917057,3.327213331798E-16));
#2573=CARTESIAN_POINT('Ctrl Pts',(3.17033154641014,4.85556058917057,1.5));
#2574=CARTESIAN_POINT('Ctrl Pts',(3.34943384952961,4.8150811322757,3.10787626956283E-16));
#2575=CARTESIAN_POINT('Ctrl Pts',(3.34943384952961,4.8150811322757,1.5));
#2576=CARTESIAN_POINT('Ctrl Pts',(3.52954465079351,4.78197058004108,2.88730415330312E-16));
#2577=CARTESIAN_POINT('Ctrl Pts',(3.52954465079351,4.78197058004108,1.5));
#2578=CARTESIAN_POINT('Ctrl Pts',(3.53617524672767,4.78075164874165,2.87918401521591E-16));
#2579=CARTESIAN_POINT('Ctrl Pts',(3.53617524672767,4.78075164874165,1.5));
#2580=CARTESIAN_POINT('Ctrl Pts',(3.54322507186651,4.78181490049257,2.87055046942508E-16));
#2581=CARTESIAN_POINT('Ctrl Pts',(3.54322507186651,4.78181490049257,1.5));
#2582=CARTESIAN_POINT('Ctrl Pts',(3.55007981680051,4.78181490049257,2.86215582798268E-16));
#2583=CARTESIAN_POINT('Ctrl Pts',(3.55007981680051,4.78181490049257,1.5));
#2584=CARTESIAN_POINT('',(-0.555615331804278,3.73596292327609,7.89018224999637E-16));
#2585=CARTESIAN_POINT('',(3.55007981680051,4.78181490049257,2.86215582798268E-16));
#2586=CARTESIAN_POINT('Ctrl Pts',(-0.555615331804278,3.73596292327609,7.89018224999637E-16));
#2587=CARTESIAN_POINT('Ctrl Pts',(-0.55883478163786,3.75366646562967,7.89412493893009E-16));
#2588=CARTESIAN_POINT('Ctrl Pts',(-0.56358047474323,3.77124533760855,7.89993673680132E-16));
#2589=CARTESIAN_POINT('Ctrl Pts',(-0.565044118568268,3.789092929534,7.90172918352674E-16));
#2590=CARTESIAN_POINT('Ctrl Pts',(-0.585964340613989,4.04419296116419,7.92734906649249E-16));
#2591=CARTESIAN_POINT('Ctrl Pts',(-0.48192772869176,4.24922501376859,7.79994096270779E-16));
#2592=CARTESIAN_POINT('Ctrl Pts',(-0.304111387570272,4.42107308786698,7.58217874971726E-16));
#2593=CARTESIAN_POINT('Ctrl Pts',(-0.102927102438058,4.61550477913215,7.33579905889135E-16));
#2594=CARTESIAN_POINT('Ctrl Pts',(0.144580859934255,4.72879261529501,7.03268922500861E-16));
#2595=CARTESIAN_POINT('Ctrl Pts',(0.40770686313764,4.81144892243948,6.71045280741315E-16));
#2596=CARTESIAN_POINT('Ctrl Pts',(0.751205130474781,4.9193527325645,6.28978875380605E-16));
#2597=CARTESIAN_POINT('Ctrl Pts',(1.1041331608763,4.97312613759723,5.85757657104545E-16));
#2598=CARTESIAN_POINT('Ctrl Pts',(1.46326943281782,4.98157889214327,5.41776148515456E-16));
#2599=CARTESIAN_POINT('Ctrl Pts',(1.6848954035324,4.98679515704838,5.14634794951102E-16));
#2600=CARTESIAN_POINT('Ctrl Pts',(1.90763443266891,4.99226672416369,4.87357131043381E-16));
#2601=CARTESIAN_POINT('Ctrl Pts',(2.12835798004014,4.97645955429188,4.60326292464918E-16));
#2602=CARTESIAN_POINT('Ctrl Pts',(2.41612098605508,4.9558513374837,4.25085488041997E-16));
#2603=CARTESIAN_POINT('Ctrl Pts',(2.70299511444612,4.91880142205857,3.89953539732769E-16));
#2604=CARTESIAN_POINT('Ctrl Pts',(2.98906886152333,4.88008939193388,3.5491960986495E-16));
#2605=CARTESIAN_POINT('Ctrl Pts',(3.17033154641014,4.85556058917057,3.327213331798E-16));
#2606=CARTESIAN_POINT('Ctrl Pts',(3.34943384952961,4.8150811322757,3.10787626956283E-16));
#2607=CARTESIAN_POINT('Ctrl Pts',(3.52954465079351,4.78197058004108,2.88730415330312E-16));
#2608=CARTESIAN_POINT('Ctrl Pts',(3.53617524672767,4.78075164874165,2.87918401521591E-16));
#2609=CARTESIAN_POINT('Ctrl Pts',(3.54322507186651,4.78181490049257,2.87055046942508E-16));
#2610=CARTESIAN_POINT('Ctrl Pts',(3.55007981680051,4.78181490049257,2.86215582798268E-16));
#2611=CARTESIAN_POINT('',(-0.555615331804278,3.73596292327609,1.5));
#2612=CARTESIAN_POINT('',(-0.555615331804278,3.73596292327609,7.89018224999637E-16));
#2613=CARTESIAN_POINT('',(3.55007981680051,4.78181490049257,1.5));
#2614=CARTESIAN_POINT('Ctrl Pts',(3.55007981680051,4.78181490049257,1.5));
#2615=CARTESIAN_POINT('Ctrl Pts',(3.54322507186651,4.78181490049257,1.5));
#2616=CARTESIAN_POINT('Ctrl Pts',(3.53617524672767,4.78075164874165,1.5));
#2617=CARTESIAN_POINT('Ctrl Pts',(3.52954465079351,4.78197058004108,1.5));
#2618=CARTESIAN_POINT('Ctrl Pts',(3.34943384952961,4.8150811322757,1.5));
#2619=CARTESIAN_POINT('Ctrl Pts',(3.17033154641014,4.85556058917057,1.5));
#2620=CARTESIAN_POINT('Ctrl Pts',(2.98906886152333,4.88008939193389,1.5));
#2621=CARTESIAN_POINT('Ctrl Pts',(2.70299511444612,4.91880142205857,1.5));
#2622=CARTESIAN_POINT('Ctrl Pts',(2.41612098605508,4.9558513374837,1.5));
#2623=CARTESIAN_POINT('Ctrl Pts',(2.12835798004014,4.97645955429188,1.5));
#2624=CARTESIAN_POINT('Ctrl Pts',(1.90763443266891,4.99226672416369,1.5));
#2625=CARTESIAN_POINT('Ctrl Pts',(1.6848954035324,4.98679515704838,1.5));
#2626=CARTESIAN_POINT('Ctrl Pts',(1.46326943281782,4.98157889214328,1.5));
#2627=CARTESIAN_POINT('Ctrl Pts',(1.1041331608763,4.97312613759723,1.5));
#2628=CARTESIAN_POINT('Ctrl Pts',(0.751205130474781,4.9193527325645,1.5));
#2629=CARTESIAN_POINT('Ctrl Pts',(0.40770686313764,4.81144892243948,1.5));
#2630=CARTESIAN_POINT('Ctrl Pts',(0.144580859934255,4.72879261529501,1.5));
#2631=CARTESIAN_POINT('Ctrl Pts',(-0.102927102438058,4.61550477913215,1.5));
#2632=CARTESIAN_POINT('Ctrl Pts',(-0.304111387570272,4.42107308786699,1.5));
#2633=CARTESIAN_POINT('Ctrl Pts',(-0.48192772869176,4.24922501376859,1.5));
#2634=CARTESIAN_POINT('Ctrl Pts',(-0.585964340613989,4.04419296116419,1.5));
#2635=CARTESIAN_POINT('Ctrl Pts',(-0.565044118568268,3.789092929534,1.5));
#2636=CARTESIAN_POINT('Ctrl Pts',(-0.56358047474323,3.77124533760855,1.5));
#2637=CARTESIAN_POINT('Ctrl Pts',(-0.55883478163786,3.75366646562967,1.5));
#2638=CARTESIAN_POINT('Ctrl Pts',(-0.555615331804278,3.73596292327609,1.5));
#2639=CARTESIAN_POINT('',(3.55007981680051,4.78181490049257,2.86215582798268E-16));
#2640=CARTESIAN_POINT('Ctrl Pts',(5.20474186134092,4.13668724900049,8.3577925146565E-17));
#2641=CARTESIAN_POINT('Ctrl Pts',(5.20474186134092,4.13668724900049,1.5));
#2642=CARTESIAN_POINT('Ctrl Pts',(5.08790209926962,4.17241732032297,9.78866692099414E-17));
#2643=CARTESIAN_POINT('Ctrl Pts',(5.08790209926962,4.17241732032297,1.5));
#2644=CARTESIAN_POINT('Ctrl Pts',(4.97088397661329,4.20757482874281,1.12217256145272E-16));
#2645=CARTESIAN_POINT('Ctrl Pts',(4.97088397661329,4.20757482874281,1.5));
#2646=CARTESIAN_POINT('Ctrl Pts',(4.85425228989683,4.24397435895317,1.26500518326919E-16));
#2647=CARTESIAN_POINT('Ctrl Pts',(4.85425228989683,4.24397435895317,1.5));
#2648=CARTESIAN_POINT('Ctrl Pts',(4.30939291303447,4.41401927476333,1.93226547512909E-16));
#2649=CARTESIAN_POINT('Ctrl Pts',(4.30939291303447,4.41401927476333,1.5));
#2650=CARTESIAN_POINT('Ctrl Pts',(3.75963127182801,4.5658285831055,2.60552930932658E-16));
#2651=CARTESIAN_POINT('Ctrl Pts',(3.75963127182801,4.56582858310551,1.5));
#2652=CARTESIAN_POINT('Ctrl Pts',(2.75583150605785,4.76928431176811,3.83482947946189E-16));
#2653=CARTESIAN_POINT('Ctrl Pts',(2.75583150605785,4.76928431176811,1.5));
#2654=CARTESIAN_POINT('Ctrl Pts',(2.30790785435611,4.83547848063898,4.38337774578082E-16));
#2655=CARTESIAN_POINT('Ctrl Pts',(2.30790785435611,4.83547848063898,1.5));
#2656=CARTESIAN_POINT('Ctrl Pts',(1.35692027600813,4.87187842620159,5.54800163963356E-16));
#2657=CARTESIAN_POINT('Ctrl Pts',(1.35692027600813,4.87187842620159,1.5));
#2658=CARTESIAN_POINT('Ctrl Pts',(0.864147025908425,4.83530535981318,6.15147482307361E-16));
#2659=CARTESIAN_POINT('Ctrl Pts',(0.864147025908425,4.83530535981318,1.5));
#2660=CARTESIAN_POINT('Ctrl Pts',(0.12411880124353,4.59964915755877,7.05774801968818E-16));
#2661=CARTESIAN_POINT('Ctrl Pts',(0.12411880124353,4.59964915755877,1.5));
#2662=CARTESIAN_POINT('Ctrl Pts',(-0.12095649814886,4.48054267540887,7.35787870063914E-16));
#2663=CARTESIAN_POINT('Ctrl Pts',(-0.12095649814886,4.48054267540887,1.5));
#2664=CARTESIAN_POINT('Ctrl Pts',(-0.457581061669563,4.12494022580469,7.77012489486915E-16));
#2665=CARTESIAN_POINT('Ctrl Pts',(-0.457581061669563,4.12494022580469,1.5));
#2666=CARTESIAN_POINT('Ctrl Pts',(-0.547158411765869,3.95019994515498,7.87982550994069E-16));
#2667=CARTESIAN_POINT('Ctrl Pts',(-0.547158411765869,3.95019994515498,1.5));
#2668=CARTESIAN_POINT('Ctrl Pts',(-0.555615331804278,3.73596292327609,7.89018224999637E-16));
#2669=CARTESIAN_POINT('Ctrl Pts',(-0.555615331804278,3.73596292327609,1.5));
#2670=CARTESIAN_POINT('',(5.20474186134092,4.13668724900049,8.3577925146565E-17));
#2671=CARTESIAN_POINT('Ctrl Pts',(5.20474186134092,4.13668724900049,8.3577925146565E-17));
#2672=CARTESIAN_POINT('Ctrl Pts',(5.08790209926962,4.17241732032297,9.78866692099414E-17));
#2673=CARTESIAN_POINT('Ctrl Pts',(4.97088397661329,4.20757482874281,1.12217256145272E-16));
#2674=CARTESIAN_POINT('Ctrl Pts',(4.85425228989683,4.24397435895317,1.26500518326919E-16));
#2675=CARTESIAN_POINT('Ctrl Pts',(4.30939291303447,4.41401927476333,1.93226547512909E-16));
#2676=CARTESIAN_POINT('Ctrl Pts',(3.75963127182801,4.5658285831055,2.60552930932658E-16));
#2677=CARTESIAN_POINT('Ctrl Pts',(3.20000689809001,4.6792563145866,3.29087150734968E-16));
#2678=CARTESIAN_POINT('Ctrl Pts',(2.75583150605785,4.76928431176811,3.83482947946189E-16));
#2679=CARTESIAN_POINT('Ctrl Pts',(2.30790785435611,4.83547848063898,4.38337774578082E-16));
#2680=CARTESIAN_POINT('Ctrl Pts',(1.85449213825012,4.8528331974482,4.93865185119313E-16));
#2681=CARTESIAN_POINT('Ctrl Pts',(1.35692027600813,4.87187842620159,5.54800163963356E-16));
#2682=CARTESIAN_POINT('Ctrl Pts',(0.864147025908425,4.83530535981318,6.15147482307361E-16));
#2683=CARTESIAN_POINT('Ctrl Pts',(0.386579824158122,4.68322775800748,6.73632596807488E-16));
#2684=CARTESIAN_POINT('Ctrl Pts',(0.12411880124353,4.59964915755877,7.05774801968818E-16));
#2685=CARTESIAN_POINT('Ctrl Pts',(-0.12095649814886,4.48054267540887,7.35787870063914E-16));
#2686=CARTESIAN_POINT('Ctrl Pts',(-0.314542886280771,4.27604240803228,7.59495365122338E-16));
#2687=CARTESIAN_POINT('Ctrl Pts',(-0.457581061669563,4.12494022580469,7.77012489486915E-16));
#2688=CARTESIAN_POINT('Ctrl Pts',(-0.547158411765869,3.95019994515498,7.87982550994069E-16));
#2689=CARTESIAN_POINT('Ctrl Pts',(-0.555615331804278,3.73596292327609,7.89018224999637E-16));
#2690=CARTESIAN_POINT('',(5.20474186134092,4.13668724900049,1.5));
#2691=CARTESIAN_POINT('',(5.20474186134092,4.13668724900049,8.3577925146565E-17));
#2692=CARTESIAN_POINT('Ctrl Pts',(-0.555615331804278,3.73596292327609,1.5));
#2693=CARTESIAN_POINT('Ctrl Pts',(-0.547158411765869,3.95019994515498,1.5));
#2694=CARTESIAN_POINT('Ctrl Pts',(-0.457581061669563,4.12494022580469,1.5));
#2695=CARTESIAN_POINT('Ctrl Pts',(-0.314542886280771,4.27604240803228,1.5));
#2696=CARTESIAN_POINT('Ctrl Pts',(-0.12095649814886,4.48054267540887,1.5));
#2697=CARTESIAN_POINT('Ctrl Pts',(0.12411880124353,4.59964915755877,1.5));
#2698=CARTESIAN_POINT('Ctrl Pts',(0.386579824158122,4.68322775800748,1.5));
#2699=CARTESIAN_POINT('Ctrl Pts',(0.864147025908425,4.83530535981318,1.5));
#2700=CARTESIAN_POINT('Ctrl Pts',(1.35692027600813,4.87187842620159,1.5));
#2701=CARTESIAN_POINT('Ctrl Pts',(1.85449213825012,4.8528331974482,1.5));
#2702=CARTESIAN_POINT('Ctrl Pts',(2.30790785435611,4.83547848063898,1.5));
#2703=CARTESIAN_POINT('Ctrl Pts',(2.75583150605785,4.76928431176811,1.5));
#2704=CARTESIAN_POINT('Ctrl Pts',(3.20000689809001,4.67925631458661,1.5));
#2705=CARTESIAN_POINT('Ctrl Pts',(3.75963127182801,4.56582858310551,1.5));
#2706=CARTESIAN_POINT('Ctrl Pts',(4.30939291303447,4.41401927476333,1.5));
#2707=CARTESIAN_POINT('Ctrl Pts',(4.85425228989683,4.24397435895317,1.5));
#2708=CARTESIAN_POINT('Ctrl Pts',(4.97088397661329,4.20757482874281,1.5));
#2709=CARTESIAN_POINT('Ctrl Pts',(5.08790209926962,4.17241732032297,1.5));
#2710=CARTESIAN_POINT('Ctrl Pts',(5.20474186134092,4.13668724900049,1.5));
#2711=CARTESIAN_POINT('Origin',(5.20909249104752,4.14762938955089,8.30451266721197E-17));
#2712=CARTESIAN_POINT('',(5.20909249104752,4.14762938955089,8.30451266721197E-17));
#2713=CARTESIAN_POINT('',(6.70122189065194,7.9004400654676,-4.93038065763132E-31));
#2714=CARTESIAN_POINT('',(5.20909249104752,4.14762938955089,1.5));
#2715=CARTESIAN_POINT('',(5.20909249104752,4.14762938955089,8.30451266721197E-17));
#2716=CARTESIAN_POINT('',(6.70122189065194,7.9004400654676,1.5));
#2717=CARTESIAN_POINT('Origin',(3.98458563554763,4.70196356558338,2.33003966784313E-16));
#2718=CARTESIAN_POINT('',(3.98458563554763,4.70196356558338,2.33003966784313E-16));
#2719=CARTESIAN_POINT('',(-10.070431336992,11.0646688600464,0.));
#2720=CARTESIAN_POINT('',(3.98458563554763,4.70196356558338,1.5));
#2721=CARTESIAN_POINT('',(3.98458563554763,4.70196356558338,2.33003966784313E-16));
#2722=CARTESIAN_POINT('',(-10.070431336992,11.0646688600464,1.5));
#2723=CARTESIAN_POINT('Ctrl Pts',(5.70819789373831,4.0808486769869,2.19223432878758E-17));
#2724=CARTESIAN_POINT('Ctrl Pts',(5.70819789373831,4.0808486769869,1.5));
#2725=CARTESIAN_POINT('Ctrl Pts',(5.1428841107735,4.34034710520379,9.11533147700507E-17));
#2726=CARTESIAN_POINT('Ctrl Pts',(5.1428841107735,4.34034710520379,1.5));
#2727=CARTESIAN_POINT('Ctrl Pts',(4.57703546197402,4.55812535233241,1.60449788425465E-16));
#2728=CARTESIAN_POINT('Ctrl Pts',(4.57703546197402,4.55812535233241,1.5));
#2729=CARTESIAN_POINT('Ctrl Pts',(3.98458563554763,4.70196356558338,2.33003966784313E-16));
#2730=CARTESIAN_POINT('Ctrl Pts',(3.98458563554763,4.70196356558338,1.5));
#2731=CARTESIAN_POINT('',(5.70819789373831,4.0808486769869,2.19223432878758E-17));
#2732=CARTESIAN_POINT('Ctrl Pts',(5.70819789373831,4.0808486769869,2.19223432878758E-17));
#2733=CARTESIAN_POINT('Ctrl Pts',(5.1428841107735,4.34034710520379,9.11533147700507E-17));
#2734=CARTESIAN_POINT('Ctrl Pts',(4.57703546197402,4.55812535233241,1.60449788425465E-16));
#2735=CARTESIAN_POINT('Ctrl Pts',(3.98458563554763,4.70196356558338,2.33003966784313E-16));
#2736=CARTESIAN_POINT('',(5.70819789373831,4.0808486769869,1.5));
#2737=CARTESIAN_POINT('',(5.70819789373831,4.0808486769869,2.19223432878758E-17));
#2738=CARTESIAN_POINT('Ctrl Pts',(3.98458563554763,4.70196356558338,1.5));
#2739=CARTESIAN_POINT('Ctrl Pts',(4.57703546197402,4.55812535233241,1.5));
#2740=CARTESIAN_POINT('Ctrl Pts',(5.1428841107735,4.34034710520379,1.5));
#2741=CARTESIAN_POINT('Ctrl Pts',(5.70819789373831,4.0808486769869,1.5));
#2742=CARTESIAN_POINT('Ctrl Pts',(4.31242867748112,5.1503310009464,1.92854773591654E-16));
#2743=CARTESIAN_POINT('Ctrl Pts',(4.31242867748112,5.15033100094641,1.5));
#2744=CARTESIAN_POINT('Ctrl Pts',(4.5369793079312,4.964967044549,1.65355252508933E-16));
#2745=CARTESIAN_POINT('Ctrl Pts',(4.5369793079312,4.964967044549,1.5));
#2746=CARTESIAN_POINT('Ctrl Pts',(4.75656175826722,4.77312526859649,1.38464158013639E-16));
#2747=CARTESIAN_POINT('Ctrl Pts',(4.75656175826722,4.77312526859649,1.5));
#2748=CARTESIAN_POINT('Ctrl Pts',(5.21778535280832,4.41947107425568,8.198055813904E-17));
#2749=CARTESIAN_POINT('Ctrl Pts',(5.21778535280832,4.41947107425568,1.5));
#2750=CARTESIAN_POINT('Ctrl Pts',(5.45945298191762,4.25769418439458,5.23848092944168E-17));
#2751=CARTESIAN_POINT('Ctrl Pts',(5.45945298191762,4.25769418439458,1.5));
#2752=CARTESIAN_POINT('Ctrl Pts',(5.70819789373831,4.0808486769869,2.19223432878758E-17));
#2753=CARTESIAN_POINT('Ctrl Pts',(5.70819789373831,4.0808486769869,1.5));
#2754=CARTESIAN_POINT('',(4.31242867748112,5.1503310009464,1.92854773591654E-16));
#2755=CARTESIAN_POINT('Ctrl Pts',(4.31242867748112,5.1503310009464,1.92854773591654E-16));
#2756=CARTESIAN_POINT('Ctrl Pts',(4.5369793079312,4.964967044549,1.65355252508933E-16));
#2757=CARTESIAN_POINT('Ctrl Pts',(4.75656175826722,4.77312526859649,1.38464158013639E-16));
#2758=CARTESIAN_POINT('Ctrl Pts',(4.98747910087583,4.59606400613008,1.10184939564314E-16));
#2759=CARTESIAN_POINT('Ctrl Pts',(5.21778535280832,4.41947107425568,8.198055813904E-17));
#2760=CARTESIAN_POINT('Ctrl Pts',(5.45945298191762,4.25769418439458,5.23848092944168E-17));
#2761=CARTESIAN_POINT('Ctrl Pts',(5.70819789373831,4.0808486769869,2.19223432878758E-17));
#2762=CARTESIAN_POINT('',(4.31242867748112,5.15033100094641,1.5));
#2763=CARTESIAN_POINT('',(4.31242867748112,5.1503310009464,1.92854773591654E-16));
#2764=CARTESIAN_POINT('Ctrl Pts',(5.70819789373831,4.0808486769869,1.5));
#2765=CARTESIAN_POINT('Ctrl Pts',(5.45945298191762,4.25769418439458,1.5));
#2766=CARTESIAN_POINT('Ctrl Pts',(5.21778535280832,4.41947107425568,1.5));
#2767=CARTESIAN_POINT('Ctrl Pts',(4.98747910087583,4.59606400613008,1.5));
#2768=CARTESIAN_POINT('Ctrl Pts',(4.75656175826722,4.77312526859649,1.5));
#2769=CARTESIAN_POINT('Ctrl Pts',(4.5369793079312,4.964967044549,1.5));
#2770=CARTESIAN_POINT('Ctrl Pts',(4.31242867748112,5.15033100094641,1.5));
#2771=CARTESIAN_POINT('Origin',(4.32166480272941,5.16310705949839,1.9172367446947E-16));
#2772=CARTESIAN_POINT('',(4.32166480272941,5.16310705949839,1.9172367446947E-16));
#2773=CARTESIAN_POINT('',(4.24052810267757,5.05087306497032,-9.86076131526265E-31));
#2774=CARTESIAN_POINT('',(4.32166480272941,5.16310705949839,1.5));
#2775=CARTESIAN_POINT('',(4.32166480272941,5.16310705949839,1.9172367446947E-16));
#2776=CARTESIAN_POINT('',(4.24052810267757,5.05087306497032,1.5));
#2777=CARTESIAN_POINT('Ctrl Pts',(8.0083522415837,3.3461213085649,-2.59765322675496E-16));
#2778=CARTESIAN_POINT('Ctrl Pts',(8.0083522415837,3.3461213085649,1.5));
#2779=CARTESIAN_POINT('Ctrl Pts',(6.74655787330701,3.88538815899759,-1.05240079246275E-16));
#2780=CARTESIAN_POINT('Ctrl Pts',(6.74655787330701,3.88538815899759,1.5));
#2781=CARTESIAN_POINT('Ctrl Pts',(5.5089170900867,4.47303065271177,4.63272031202223E-17));
#2782=CARTESIAN_POINT('Ctrl Pts',(5.5089170900867,4.47303065271177,1.5));
#2783=CARTESIAN_POINT('Ctrl Pts',(4.32166480272941,5.16310705949839,1.9172367446947E-16));
#2784=CARTESIAN_POINT('Ctrl Pts',(4.32166480272941,5.16310705949839,1.5));
#2785=CARTESIAN_POINT('',(8.0083522415837,3.3461213085649,-2.59765322675496E-16));
#2786=CARTESIAN_POINT('Ctrl Pts',(8.0083522415837,3.3461213085649,-2.59765322675496E-16));
#2787=CARTESIAN_POINT('Ctrl Pts',(6.74655787330701,3.88538815899759,-1.05240079246275E-16));
#2788=CARTESIAN_POINT('Ctrl Pts',(5.5089170900867,4.47303065271177,4.63272031202224E-17));
#2789=CARTESIAN_POINT('Ctrl Pts',(4.32166480272941,5.16310705949839,1.9172367446947E-16));
#2790=CARTESIAN_POINT('',(8.0083522415837,3.3461213085649,1.5));
#2791=CARTESIAN_POINT('',(8.0083522415837,3.3461213085649,-2.59765322675496E-16));
#2792=CARTESIAN_POINT('Ctrl Pts',(4.32166480272941,5.16310705949839,1.5));
#2793=CARTESIAN_POINT('Ctrl Pts',(5.5089170900867,4.47303065271177,1.5));
#2794=CARTESIAN_POINT('Ctrl Pts',(6.74655787330701,3.88538815899759,1.5));
#2795=CARTESIAN_POINT('Ctrl Pts',(8.0083522415837,3.3461213085649,1.5));
#2796=CARTESIAN_POINT('Ctrl Pts',(0.497811246642933,2.54314040861369,6.60010676256425E-16));
#2797=CARTESIAN_POINT('Ctrl Pts',(0.497811246642933,2.54314040861369,1.5));
#2798=CARTESIAN_POINT('Ctrl Pts',(0.428047752695438,2.59884720208841,6.68554240212438E-16));
#2799=CARTESIAN_POINT('Ctrl Pts',(0.428047752695438,2.59884720208841,1.5));
#2800=CARTESIAN_POINT('Ctrl Pts',(0.356559558967734,2.6525437836521,6.77309018974984E-16));
#2801=CARTESIAN_POINT('Ctrl Pts',(0.356559558967734,2.6525437836521,1.5));
#2802=CARTESIAN_POINT('Ctrl Pts',(0.288862484639328,2.71065806257356,6.85599519513776E-16));
#2803=CARTESIAN_POINT('Ctrl Pts',(0.288862484639328,2.71065806257356,1.5));
#2804=CARTESIAN_POINT('Ctrl Pts',(0.122750588055842,2.85325614655272,7.05942359758903E-16));
#2805=CARTESIAN_POINT('Ctrl Pts',(0.122750588055842,2.85325614655272,1.5));
#2806=CARTESIAN_POINT('Ctrl Pts',(-0.0225720297763576,3.01308270390066,
7.23739247636095E-16));
#2807=CARTESIAN_POINT('Ctrl Pts',(-0.0225720297763576,3.01308270390066,
1.5));
#2808=CARTESIAN_POINT('Ctrl Pts',(-0.208725688426563,3.494992945228,7.46536495857649E-16));
#2809=CARTESIAN_POINT('Ctrl Pts',(-0.208725688426563,3.494992945228,1.5));
#2810=CARTESIAN_POINT('Ctrl Pts',(-0.130280152769277,3.75842470444526,7.36929688442639E-16));
#2811=CARTESIAN_POINT('Ctrl Pts',(-0.130280152769277,3.75842470444526,1.5));
#2812=CARTESIAN_POINT('Ctrl Pts',(0.321745751931732,4.09885776467888,6.81572480710261E-16));
#2813=CARTESIAN_POINT('Ctrl Pts',(0.321745751931732,4.09885776467888,1.5));
#2814=CARTESIAN_POINT('Ctrl Pts',(0.572945412312309,4.18257834962424,6.50809394707064E-16));
#2815=CARTESIAN_POINT('Ctrl Pts',(0.572945412312309,4.18257834962424,1.5));
#2816=CARTESIAN_POINT('Ctrl Pts',(1.10223165077162,4.29657131935688,5.8599052493087E-16));
#2817=CARTESIAN_POINT('Ctrl Pts',(1.10223165077162,4.29657131935689,1.5));
#2818=CARTESIAN_POINT('Ctrl Pts',(1.37368974106883,4.32011263973351,5.52746496792357E-16));
#2819=CARTESIAN_POINT('Ctrl Pts',(1.37368974106883,4.32011263973351,1.5));
#2820=CARTESIAN_POINT('Ctrl Pts',(2.20268527486022,4.3449832550789,4.51223824095849E-16));
#2821=CARTESIAN_POINT('Ctrl Pts',(2.20268527486022,4.3449832550789,1.5));
#2822=CARTESIAN_POINT('Ctrl Pts',(2.75335161482623,4.29919150471876,3.83786647032092E-16));
#2823=CARTESIAN_POINT('Ctrl Pts',(2.75335161482623,4.29919150471877,1.5));
#2824=CARTESIAN_POINT('Ctrl Pts',(3.81461069943883,4.12717335526219,2.53819892928404E-16));
#2825=CARTESIAN_POINT('Ctrl Pts',(3.81461069943883,4.12717335526219,1.5));
#2826=CARTESIAN_POINT('Ctrl Pts',(4.32768527323652,4.03432956076918,1.90986379475881E-16));
#2827=CARTESIAN_POINT('Ctrl Pts',(4.32768527323652,4.03432956076918,1.5));
#2828=CARTESIAN_POINT('Ctrl Pts',(5.55133233836672,3.80387408899325,4.11328333161059E-17));
#2829=CARTESIAN_POINT('Ctrl Pts',(5.55133233836672,3.80387408899325,1.5));
#2830=CARTESIAN_POINT('Ctrl Pts',(6.26100704306599,3.66067406163293,-4.57772522384755E-17));
#2831=CARTESIAN_POINT('Ctrl Pts',(6.26100704306599,3.66067406163293,1.5));
#2832=CARTESIAN_POINT('Ctrl Pts',(7.31624042942731,3.45983873133146,-1.75006071134557E-16));
#2833=CARTESIAN_POINT('Ctrl Pts',(7.31624042942731,3.45983873133147,1.5));
#2834=CARTESIAN_POINT('Ctrl Pts',(7.6620052964662,3.40325376495908,-2.17350054902236E-16));
#2835=CARTESIAN_POINT('Ctrl Pts',(7.6620052964662,3.40325376495908,1.5));
#2836=CARTESIAN_POINT('Ctrl Pts',(8.0083522415837,3.3461213085649,-2.59765322675496E-16));
#2837=CARTESIAN_POINT('Ctrl Pts',(8.0083522415837,3.3461213085649,1.5));
#2838=CARTESIAN_POINT('',(0.497811246642933,2.54314040861369,6.60010676256425E-16));
#2839=CARTESIAN_POINT('Ctrl Pts',(0.497811246642933,2.54314040861369,6.60010676256425E-16));
#2840=CARTESIAN_POINT('Ctrl Pts',(0.428047752695438,2.59884720208841,6.68554240212438E-16));
#2841=CARTESIAN_POINT('Ctrl Pts',(0.356559558967734,2.6525437836521,6.77309018974984E-16));
#2842=CARTESIAN_POINT('Ctrl Pts',(0.288862484639328,2.71065806257356,6.85599519513776E-16));
#2843=CARTESIAN_POINT('Ctrl Pts',(0.122750588055842,2.85325614655272,7.05942359758903E-16));
#2844=CARTESIAN_POINT('Ctrl Pts',(-0.0225720297763576,3.01308270390066,
7.23739247636095E-16));
#2845=CARTESIAN_POINT('Ctrl Pts',(-0.102944019099569,3.22114809753576,7.33581977582672E-16));
#2846=CARTESIAN_POINT('Ctrl Pts',(-0.208725688426563,3.494992945228,7.46536495857649E-16));
#2847=CARTESIAN_POINT('Ctrl Pts',(-0.130280152769277,3.75842470444526,7.36929688442639E-16));
#2848=CARTESIAN_POINT('Ctrl Pts',(0.103975418000929,3.93484903730648,7.08241654950022E-16));
#2849=CARTESIAN_POINT('Ctrl Pts',(0.321745751931732,4.09885776467888,6.81572480710261E-16));
#2850=CARTESIAN_POINT('Ctrl Pts',(0.572945412312309,4.18257834962424,6.50809394707064E-16));
#2851=CARTESIAN_POINT('Ctrl Pts',(0.834630248106129,4.23893770567508,6.18762245053033E-16));
#2852=CARTESIAN_POINT('Ctrl Pts',(1.10223165077162,4.29657131935688,5.8599052493087E-16));
#2853=CARTESIAN_POINT('Ctrl Pts',(1.37368974106883,4.32011263973351,5.52746496792357E-16));
#2854=CARTESIAN_POINT('Ctrl Pts',(1.64751230265241,4.3283274813049,5.19212904434591E-16));
#2855=CARTESIAN_POINT('Ctrl Pts',(2.20268527486022,4.3449832550789,4.51223824095849E-16));
#2856=CARTESIAN_POINT('Ctrl Pts',(2.75335161482623,4.29919150471876,3.83786647032092E-16));
#2857=CARTESIAN_POINT('Ctrl Pts',(3.30011821440053,4.21056656139376,3.16827050427157E-16));
#2858=CARTESIAN_POINT('Ctrl Pts',(3.81461069943883,4.12717335526219,2.53819892928404E-16));
#2859=CARTESIAN_POINT('Ctrl Pts',(4.32768527323652,4.03432956076918,1.90986379475881E-16));
#2860=CARTESIAN_POINT('Ctrl Pts',(4.83991749794114,3.93785862658728,1.28256024035417E-16));
#2861=CARTESIAN_POINT('Ctrl Pts',(5.55133233836672,3.80387408899325,4.11328333161059E-17));
#2862=CARTESIAN_POINT('Ctrl Pts',(6.26100704306599,3.66067406163293,-4.57772522384755E-17));
#2863=CARTESIAN_POINT('Ctrl Pts',(6.97216983777451,3.5253233263175,-1.32869576259722E-16));
#2864=CARTESIAN_POINT('Ctrl Pts',(7.31624042942731,3.45983873133146,-1.75006071134557E-16));
#2865=CARTESIAN_POINT('Ctrl Pts',(7.6620052964662,3.40325376495908,-2.17350054902236E-16));
#2866=CARTESIAN_POINT('Ctrl Pts',(8.0083522415837,3.3461213085649,-2.59765322675496E-16));
#2867=CARTESIAN_POINT('',(0.497811246642933,2.54314040861369,1.5));
#2868=CARTESIAN_POINT('',(0.497811246642933,2.54314040861369,6.60010676256425E-16));
#2869=CARTESIAN_POINT('Ctrl Pts',(8.0083522415837,3.3461213085649,1.5));
#2870=CARTESIAN_POINT('Ctrl Pts',(7.6620052964662,3.40325376495908,1.5));
#2871=CARTESIAN_POINT('Ctrl Pts',(7.31624042942731,3.45983873133147,1.5));
#2872=CARTESIAN_POINT('Ctrl Pts',(6.97216983777451,3.5253233263175,1.5));
#2873=CARTESIAN_POINT('Ctrl Pts',(6.26100704306599,3.66067406163293,1.5));
#2874=CARTESIAN_POINT('Ctrl Pts',(5.55133233836672,3.80387408899325,1.5));
#2875=CARTESIAN_POINT('Ctrl Pts',(4.83991749794114,3.93785862658728,1.5));
#2876=CARTESIAN_POINT('Ctrl Pts',(4.32768527323652,4.03432956076918,1.5));
#2877=CARTESIAN_POINT('Ctrl Pts',(3.81461069943883,4.12717335526219,1.5));
#2878=CARTESIAN_POINT('Ctrl Pts',(3.30011821440053,4.21056656139376,1.5));
#2879=CARTESIAN_POINT('Ctrl Pts',(2.75335161482623,4.29919150471877,1.5));
#2880=CARTESIAN_POINT('Ctrl Pts',(2.20268527486022,4.3449832550789,1.5));
#2881=CARTESIAN_POINT('Ctrl Pts',(1.64751230265241,4.3283274813049,1.5));
#2882=CARTESIAN_POINT('Ctrl Pts',(1.37368974106883,4.32011263973351,1.5));
#2883=CARTESIAN_POINT('Ctrl Pts',(1.10223165077162,4.29657131935689,1.5));
#2884=CARTESIAN_POINT('Ctrl Pts',(0.834630248106129,4.23893770567508,1.5));
#2885=CARTESIAN_POINT('Ctrl Pts',(0.572945412312309,4.18257834962424,1.5));
#2886=CARTESIAN_POINT('Ctrl Pts',(0.321745751931732,4.09885776467888,1.5));
#2887=CARTESIAN_POINT('Ctrl Pts',(0.103975418000929,3.93484903730648,1.5));
#2888=CARTESIAN_POINT('Ctrl Pts',(-0.130280152769277,3.75842470444526,1.5));
#2889=CARTESIAN_POINT('Ctrl Pts',(-0.208725688426563,3.494992945228,1.5));
#2890=CARTESIAN_POINT('Ctrl Pts',(-0.102944019099569,3.22114809753577,1.5));
#2891=CARTESIAN_POINT('Ctrl Pts',(-0.0225720297763576,3.01308270390066,
1.5));
#2892=CARTESIAN_POINT('Ctrl Pts',(0.122750588055842,2.85325614655272,1.5));
#2893=CARTESIAN_POINT('Ctrl Pts',(0.288862484639328,2.71065806257356,1.5));
#2894=CARTESIAN_POINT('Ctrl Pts',(0.356559558967734,2.6525437836521,1.5));
#2895=CARTESIAN_POINT('Ctrl Pts',(0.428047752695438,2.59884720208841,1.5));
#2896=CARTESIAN_POINT('Ctrl Pts',(0.497811246642933,2.54314040861369,1.5));
#2897=CARTESIAN_POINT('Ctrl Pts',(3.55209945210534,4.79592424779218,2.85968248807118E-16));
#2898=CARTESIAN_POINT('Ctrl Pts',(3.55209945210534,4.79592424779218,1.5));
#2899=CARTESIAN_POINT('Ctrl Pts',(3.34709532563323,4.85244173767048,3.11074013536725E-16));
#2900=CARTESIAN_POINT('Ctrl Pts',(3.34709532563323,4.85244173767048,1.5));
#2901=CARTESIAN_POINT('Ctrl Pts',(3.14279446406328,4.91168054258968,3.36093653155195E-16));
#2902=CARTESIAN_POINT('Ctrl Pts',(3.14279446406328,4.91168054258968,1.5));
#2903=CARTESIAN_POINT('Ctrl Pts',(2.93694075975184,4.9649147207174,3.61303461162958E-16));
#2904=CARTESIAN_POINT('Ctrl Pts',(2.93694075975184,4.96491472071741,1.5));
#2905=CARTESIAN_POINT('Ctrl Pts',(2.49908227866604,5.0781457964215,4.14925659897083E-16));
#2906=CARTESIAN_POINT('Ctrl Pts',(2.49908227866604,5.0781457964215,1.5));
#2907=CARTESIAN_POINT('Ctrl Pts',(2.05383495533143,5.14770964157758,4.69452730832148E-16));
#2908=CARTESIAN_POINT('Ctrl Pts',(2.05383495533143,5.14770964157758,1.5));
#2909=CARTESIAN_POINT('Ctrl Pts',(1.09958682710313,5.1935149573754,5.86314422414863E-16));
#2910=CARTESIAN_POINT('Ctrl Pts',(1.09958682710313,5.1935149573754,1.5));
#2911=CARTESIAN_POINT('Ctrl Pts',(0.605377677982715,5.14685500276959,6.46837587672828E-16));
#2912=CARTESIAN_POINT('Ctrl Pts',(0.605377677982715,5.14685500276959,1.5));
#2913=CARTESIAN_POINT('Ctrl Pts',(-0.0926275409067501,4.87177927711273,
7.32318573382941E-16));
#2914=CARTESIAN_POINT('Ctrl Pts',(-0.0926275409067501,4.87177927711273,
1.5));
#2915=CARTESIAN_POINT('Ctrl Pts',(-0.300350745243301,4.75430631153973,7.5775732911288E-16));
#2916=CARTESIAN_POINT('Ctrl Pts',(-0.300350745243301,4.75430631153973,1.5));
#2917=CARTESIAN_POINT('Ctrl Pts',(-0.675389716383421,4.31142325265848,8.03686356669107E-16));
#2918=CARTESIAN_POINT('Ctrl Pts',(-0.675389716383421,4.31142325265848,1.5));
#2919=CARTESIAN_POINT('Ctrl Pts',(-0.735128789379655,4.0241270595675,8.11002283121994E-16));
#2920=CARTESIAN_POINT('Ctrl Pts',(-0.735128789379655,4.0241270595675,1.5));
#2921=CARTESIAN_POINT('Ctrl Pts',(-0.544357229598774,3.43502272843258,7.87639505116593E-16));
#2922=CARTESIAN_POINT('Ctrl Pts',(-0.544357229598774,3.43502272843258,1.5));
#2923=CARTESIAN_POINT('Ctrl Pts',(-0.392375299519542,3.20256952665771,7.69027086696616E-16));
#2924=CARTESIAN_POINT('Ctrl Pts',(-0.392375299519542,3.20256952665771,1.5));
#2925=CARTESIAN_POINT('Ctrl Pts',(0.0143021485387784,2.81105289773345,7.19223463191613E-16));
#2926=CARTESIAN_POINT('Ctrl Pts',(0.0143021485387784,2.81105289773345,1.5));
#2927=CARTESIAN_POINT('Ctrl Pts',(0.247777456734353,2.66517702533727,6.90630984305447E-16));
#2928=CARTESIAN_POINT('Ctrl Pts',(0.247777456734353,2.66517702533728,1.5));
#2929=CARTESIAN_POINT('Ctrl Pts',(0.497811246642933,2.54314040861369,6.60010676256425E-16));
#2930=CARTESIAN_POINT('Ctrl Pts',(0.497811246642933,2.54314040861369,1.5));
#2931=CARTESIAN_POINT('',(3.55209945210534,4.79592424779218,2.85968248807118E-16));
#2932=CARTESIAN_POINT('Ctrl Pts',(3.55209945210534,4.79592424779218,2.85968248807118E-16));
#2933=CARTESIAN_POINT('Ctrl Pts',(3.34709532563323,4.85244173767048,3.11074013536725E-16));
#2934=CARTESIAN_POINT('Ctrl Pts',(3.14279446406328,4.91168054258968,3.36093653155195E-16));
#2935=CARTESIAN_POINT('Ctrl Pts',(2.93694075975184,4.9649147207174,3.61303461162958E-16));
#2936=CARTESIAN_POINT('Ctrl Pts',(2.49908227866604,5.0781457964215,4.14925659897083E-16));
#2937=CARTESIAN_POINT('Ctrl Pts',(2.05383495533143,5.14770964157758,4.69452730832148E-16));
#2938=CARTESIAN_POINT('Ctrl Pts',(1.60219082080943,5.16938914916447,5.24763185201753E-16));
#2939=CARTESIAN_POINT('Ctrl Pts',(1.09958682710313,5.1935149573754,5.86314422414863E-16));
#2940=CARTESIAN_POINT('Ctrl Pts',(0.605377677982715,5.14685500276959,6.46837587672828E-16));
#2941=CARTESIAN_POINT('Ctrl Pts',(0.132464129406732,4.960485282276,7.04752794026528E-16));
#2942=CARTESIAN_POINT('Ctrl Pts',(-0.0926275409067501,4.87177927711273,
7.32318573382941E-16));
#2943=CARTESIAN_POINT('Ctrl Pts',(-0.300350745243301,4.75430631153973,7.5775732911288E-16));
#2944=CARTESIAN_POINT('Ctrl Pts',(-0.459798526276272,4.56601462339587,7.77284050580198E-16));
#2945=CARTESIAN_POINT('Ctrl Pts',(-0.675389716383421,4.31142325265848,8.03686356669107E-16));
#2946=CARTESIAN_POINT('Ctrl Pts',(-0.735128789379655,4.0241270595675,8.11002283121994E-16));
#2947=CARTESIAN_POINT('Ctrl Pts',(-0.632311329713642,3.70662540304189,7.98410775834349E-16));
#2948=CARTESIAN_POINT('Ctrl Pts',(-0.544357229598774,3.43502272843258,7.87639505116593E-16));
#2949=CARTESIAN_POINT('Ctrl Pts',(-0.392375299519542,3.20256952665771,7.69027086696616E-16));
#2950=CARTESIAN_POINT('Ctrl Pts',(-0.186856264711972,3.00471218278039,7.43858263882522E-16));
#2951=CARTESIAN_POINT('Ctrl Pts',(0.0143021485387784,2.81105289773345,7.19223463191613E-16));
#2952=CARTESIAN_POINT('Ctrl Pts',(0.247777456734353,2.66517702533727,6.90630984305447E-16));
#2953=CARTESIAN_POINT('Ctrl Pts',(0.497811246642933,2.54314040861369,6.60010676256425E-16));
#2954=CARTESIAN_POINT('',(3.55209945210534,4.79592424779218,1.5));
#2955=CARTESIAN_POINT('',(3.55209945210534,4.79592424779218,2.85968248807118E-16));
#2956=CARTESIAN_POINT('Ctrl Pts',(0.497811246642933,2.54314040861369,1.5));
#2957=CARTESIAN_POINT('Ctrl Pts',(0.247777456734353,2.66517702533728,1.5));
#2958=CARTESIAN_POINT('Ctrl Pts',(0.0143021485387784,2.81105289773345,1.5));
#2959=CARTESIAN_POINT('Ctrl Pts',(-0.186856264711972,3.00471218278039,1.5));
#2960=CARTESIAN_POINT('Ctrl Pts',(-0.392375299519542,3.20256952665771,1.5));
#2961=CARTESIAN_POINT('Ctrl Pts',(-0.544357229598774,3.43502272843258,1.5));
#2962=CARTESIAN_POINT('Ctrl Pts',(-0.632311329713642,3.7066254030419,1.5));
#2963=CARTESIAN_POINT('Ctrl Pts',(-0.735128789379655,4.0241270595675,1.5));
#2964=CARTESIAN_POINT('Ctrl Pts',(-0.675389716383421,4.31142325265848,1.5));
#2965=CARTESIAN_POINT('Ctrl Pts',(-0.459798526276272,4.56601462339587,1.5));
#2966=CARTESIAN_POINT('Ctrl Pts',(-0.300350745243301,4.75430631153973,1.5));
#2967=CARTESIAN_POINT('Ctrl Pts',(-0.0926275409067501,4.87177927711273,
1.5));
#2968=CARTESIAN_POINT('Ctrl Pts',(0.132464129406732,4.960485282276,1.5));
#2969=CARTESIAN_POINT('Ctrl Pts',(0.605377677982715,5.14685500276959,1.5));
#2970=CARTESIAN_POINT('Ctrl Pts',(1.09958682710313,5.1935149573754,1.5));
#2971=CARTESIAN_POINT('Ctrl Pts',(1.60219082080943,5.16938914916448,1.5));
#2972=CARTESIAN_POINT('Ctrl Pts',(2.05383495533143,5.14770964157758,1.5));
#2973=CARTESIAN_POINT('Ctrl Pts',(2.49908227866604,5.0781457964215,1.5));
#2974=CARTESIAN_POINT('Ctrl Pts',(2.93694075975184,4.96491472071741,1.5));
#2975=CARTESIAN_POINT('Ctrl Pts',(3.14279446406328,4.91168054258968,1.5));
#2976=CARTESIAN_POINT('Ctrl Pts',(3.34709532563323,4.85244173767048,1.5));
#2977=CARTESIAN_POINT('Ctrl Pts',(3.55209945210534,4.79592424779218,1.5));
#2978=CARTESIAN_POINT('Origin',(3.55007981680051,4.78181490049257,2.86215582798268E-16));
#2979=CARTESIAN_POINT('',(4.60694018150458,12.1651330159796,0.));
#2980=CARTESIAN_POINT('',(4.60694018150458,12.1651330159796,1.5));
#2981=CARTESIAN_POINT('Ctrl Pts',(3.93973119234983,3.73977093546957,2.38497051813285E-16));
#2982=CARTESIAN_POINT('Ctrl Pts',(3.93973119234983,3.73977093546957,1.5));
#2983=CARTESIAN_POINT('Ctrl Pts',(3.91605239761752,3.79510694030978,2.41396867830944E-16));
#2984=CARTESIAN_POINT('Ctrl Pts',(3.91605239761752,3.79510694030978,1.5));
#2985=CARTESIAN_POINT('Ctrl Pts',(3.87263191644553,3.825747181496,2.46714343159415E-16));
#2986=CARTESIAN_POINT('Ctrl Pts',(3.87263191644553,3.825747181496,1.5));
#2987=CARTESIAN_POINT('Ctrl Pts',(3.82219184127011,3.84975369171277,2.52891470820649E-16));
#2988=CARTESIAN_POINT('Ctrl Pts',(3.82219184127011,3.84975369171277,1.5));
#2989=CARTESIAN_POINT('Ctrl Pts',(3.709721222395,3.90328309371549,2.66665149161002E-16));
#2990=CARTESIAN_POINT('Ctrl Pts',(3.709721222395,3.90328309371549,1.5));
#2991=CARTESIAN_POINT('Ctrl Pts',(3.58857982594732,3.9169027441872,2.81500691501391E-16));
#2992=CARTESIAN_POINT('Ctrl Pts',(3.58857982594732,3.9169027441872,1.5));
#2993=CARTESIAN_POINT('Ctrl Pts',(3.46707387163043,3.92105234105069,2.96380879304543E-16));
#2994=CARTESIAN_POINT('Ctrl Pts',(3.46707387163043,3.92105234105069,1.5));
#2995=CARTESIAN_POINT('Ctrl Pts',(3.17654903723952,3.93097416709065,3.31959910155508E-16));
#2996=CARTESIAN_POINT('Ctrl Pts',(3.17654903723952,3.93097416709065,1.5));
#2997=CARTESIAN_POINT('Ctrl Pts',(2.88586712522774,3.9363126350197,3.67558177467033E-16));
#2998=CARTESIAN_POINT('Ctrl Pts',(2.88586712522774,3.9363126350197,1.5));
#2999=CARTESIAN_POINT('Ctrl Pts',(2.59524837474544,3.94348117758499,4.03148709722069E-16));
#3000=CARTESIAN_POINT('Ctrl Pts',(2.59524837474544,3.94348117758499,1.5));
#3001=CARTESIAN_POINT('Ctrl Pts',(2.58857353142537,3.9436458224965,4.03966142272743E-16));
#3002=CARTESIAN_POINT('Ctrl Pts',(2.58857353142537,3.9436458224965,1.5));
#3003=CARTESIAN_POINT('Ctrl Pts',(2.58189061730102,3.94350055678208,4.04784563211878E-16));
#3004=CARTESIAN_POINT('Ctrl Pts',(2.58189061730102,3.94350055678208,1.5));
#3005=CARTESIAN_POINT('Ctrl Pts',(2.56269875262673,3.94350055678208,4.07134888776183E-16));
#3006=CARTESIAN_POINT('Ctrl Pts',(2.56269875262673,3.94350055678208,1.5));
#3007=CARTESIAN_POINT('',(3.93973119234983,3.73977093546957,2.38497051813285E-16));
#3008=CARTESIAN_POINT('',(2.56269875262673,3.94350055678208,4.07134888776183E-16));
#3009=CARTESIAN_POINT('Ctrl Pts',(3.93973119234983,3.73977093546957,2.38497051813285E-16));
#3010=CARTESIAN_POINT('Ctrl Pts',(3.91605239761752,3.79510694030978,2.41396867830944E-16));
#3011=CARTESIAN_POINT('Ctrl Pts',(3.87263191644553,3.825747181496,2.46714343159415E-16));
#3012=CARTESIAN_POINT('Ctrl Pts',(3.82219184127011,3.84975369171277,2.52891470820649E-16));
#3013=CARTESIAN_POINT('Ctrl Pts',(3.709721222395,3.90328309371549,2.66665149161002E-16));
#3014=CARTESIAN_POINT('Ctrl Pts',(3.58857982594732,3.9169027441872,2.81500691501391E-16));
#3015=CARTESIAN_POINT('Ctrl Pts',(3.46707387163043,3.92105234105069,2.96380879304543E-16));
#3016=CARTESIAN_POINT('Ctrl Pts',(3.17654903723952,3.93097416709065,3.31959910155508E-16));
#3017=CARTESIAN_POINT('Ctrl Pts',(2.88586712522774,3.9363126350197,3.67558177467033E-16));
#3018=CARTESIAN_POINT('Ctrl Pts',(2.59524837474544,3.94348117758499,4.03148709722069E-16));
#3019=CARTESIAN_POINT('Ctrl Pts',(2.58857353142537,3.9436458224965,4.03966142272743E-16));
#3020=CARTESIAN_POINT('Ctrl Pts',(2.58189061730102,3.94350055678208,4.04784563211878E-16));
#3021=CARTESIAN_POINT('Ctrl Pts',(2.56269875262673,3.94350055678208,4.07134888776183E-16));
#3022=CARTESIAN_POINT('',(3.93973119234983,3.73977093546957,1.5));
#3023=CARTESIAN_POINT('',(3.93973119234983,3.73977093546957,2.38497051813285E-16));
#3024=CARTESIAN_POINT('',(2.56269875262673,3.94350055678208,1.5));
#3025=CARTESIAN_POINT('Ctrl Pts',(2.56269875262673,3.94350055678208,1.5));
#3026=CARTESIAN_POINT('Ctrl Pts',(2.58189061730102,3.94350055678208,1.5));
#3027=CARTESIAN_POINT('Ctrl Pts',(2.58857353142537,3.9436458224965,1.5));
#3028=CARTESIAN_POINT('Ctrl Pts',(2.59524837474544,3.94348117758499,1.5));
#3029=CARTESIAN_POINT('Ctrl Pts',(2.88586712522774,3.9363126350197,1.5));
#3030=CARTESIAN_POINT('Ctrl Pts',(3.17654903723952,3.93097416709065,1.5));
#3031=CARTESIAN_POINT('Ctrl Pts',(3.46707387163043,3.92105234105069,1.5));
#3032=CARTESIAN_POINT('Ctrl Pts',(3.58857982594732,3.9169027441872,1.5));
#3033=CARTESIAN_POINT('Ctrl Pts',(3.709721222395,3.90328309371549,1.5));
#3034=CARTESIAN_POINT('Ctrl Pts',(3.82219184127011,3.84975369171277,1.5));
#3035=CARTESIAN_POINT('Ctrl Pts',(3.87263191644553,3.825747181496,1.5));
#3036=CARTESIAN_POINT('Ctrl Pts',(3.91605239761752,3.79510694030978,1.5));
#3037=CARTESIAN_POINT('Ctrl Pts',(3.93973119234983,3.73977093546957,1.5));
#3038=CARTESIAN_POINT('',(2.56269875262673,3.94350055678208,4.07134888776183E-16));
#3039=CARTESIAN_POINT('Ctrl Pts',(4.7407218486847,0.00999320587507957,1.40403987470541E-16));
#3040=CARTESIAN_POINT('Ctrl Pts',(4.7407218486847,0.00999320587508068,1.5));
#3041=CARTESIAN_POINT('Ctrl Pts',(4.73651204114271,0.0294240806468971,1.40919540203674E-16));
#3042=CARTESIAN_POINT('Ctrl Pts',(4.73651204114271,0.0294240806468982,1.5));
#3043=CARTESIAN_POINT('Ctrl Pts',(4.73338369992766,0.0475081299330793,1.41302651509239E-16));
#3044=CARTESIAN_POINT('Ctrl Pts',(4.73338369992766,0.0475081299330804,1.5));
#3045=CARTESIAN_POINT('Ctrl Pts',(4.72865442276822,0.0651631955946919,1.41881820922798E-16));
#3046=CARTESIAN_POINT('Ctrl Pts',(4.72865442276822,0.065163195594693,1.5));
#3047=CARTESIAN_POINT('Ctrl Pts',(4.56463132404461,0.677484800007992,1.61968857206608E-16));
#3048=CARTESIAN_POINT('Ctrl Pts',(4.56463132404461,0.677484800007994,1.5));
#3049=CARTESIAN_POINT('Ctrl Pts',(4.40011760558502,1.28967521902328,1.82115977079345E-16));
#3050=CARTESIAN_POINT('Ctrl Pts',(4.40011760558502,1.28967521902328,1.5));
#3051=CARTESIAN_POINT('Ctrl Pts',(4.10270054877493,2.40218775778309,2.18539061742775E-16));
#3052=CARTESIAN_POINT('Ctrl Pts',(4.10270054877493,2.40218775778309,1.5));
#3053=CARTESIAN_POINT('Ctrl Pts',(3.97363609576898,2.90358083057982,2.34344898668519E-16));
#3054=CARTESIAN_POINT('Ctrl Pts',(3.97363609576898,2.90358083057982,1.5));
#3055=CARTESIAN_POINT('Ctrl Pts',(3.79439848389463,3.54536666381875,2.56295175435393E-16));
#3056=CARTESIAN_POINT('Ctrl Pts',(3.79439848389463,3.54536666381875,1.5));
#3057=CARTESIAN_POINT('Ctrl Pts',(3.81682897151213,3.65379060655018,2.53548232948984E-16));
#3058=CARTESIAN_POINT('Ctrl Pts',(3.81682897151213,3.65379060655018,1.5));
#3059=CARTESIAN_POINT('Ctrl Pts',(3.93973119234983,3.73977093546957,2.38497051813285E-16));
#3060=CARTESIAN_POINT('Ctrl Pts',(3.93973119234983,3.73977093546957,1.5));
#3061=CARTESIAN_POINT('',(4.7407218486847,0.00999320587507957,1.40403987470541E-16));
#3062=CARTESIAN_POINT('Ctrl Pts',(4.7407218486847,0.00999320587507957,1.40403987470541E-16));
#3063=CARTESIAN_POINT('Ctrl Pts',(4.73651204114271,0.0294240806468971,1.40919540203674E-16));
#3064=CARTESIAN_POINT('Ctrl Pts',(4.73338369992766,0.0475081299330793,1.41302651509239E-16));
#3065=CARTESIAN_POINT('Ctrl Pts',(4.72865442276822,0.0651631955946919,1.41881820922798E-16));
#3066=CARTESIAN_POINT('Ctrl Pts',(4.56463132404461,0.677484800007992,1.61968857206608E-16));
#3067=CARTESIAN_POINT('Ctrl Pts',(4.40011760558502,1.28967521902328,1.82115977079345E-16));
#3068=CARTESIAN_POINT('Ctrl Pts',(4.23639892021223,1.9020778666609,2.02165733479585E-16));
#3069=CARTESIAN_POINT('Ctrl Pts',(4.10270054877493,2.40218775778309,2.18539061742775E-16));
#3070=CARTESIAN_POINT('Ctrl Pts',(3.97363609576898,2.90358083057982,2.34344898668519E-16));
#3071=CARTESIAN_POINT('Ctrl Pts',(3.83439944337782,3.40213752321699,2.51396470736001E-16));
#3072=CARTESIAN_POINT('Ctrl Pts',(3.79439848389463,3.54536666381875,2.56295175435393E-16));
#3073=CARTESIAN_POINT('Ctrl Pts',(3.81682897151213,3.65379060655018,2.53548232948984E-16));
#3074=CARTESIAN_POINT('Ctrl Pts',(3.93973119234983,3.73977093546957,2.38497051813285E-16));
#3075=CARTESIAN_POINT('',(4.7407218486847,0.00999320587508068,1.5));
#3076=CARTESIAN_POINT('',(4.7407218486847,0.00999320587507957,1.40403987470541E-16));
#3077=CARTESIAN_POINT('Ctrl Pts',(3.93973119234983,3.73977093546957,1.5));
#3078=CARTESIAN_POINT('Ctrl Pts',(3.81682897151213,3.65379060655018,1.5));
#3079=CARTESIAN_POINT('Ctrl Pts',(3.79439848389463,3.54536666381875,1.5));
#3080=CARTESIAN_POINT('Ctrl Pts',(3.83439944337782,3.40213752321699,1.5));
#3081=CARTESIAN_POINT('Ctrl Pts',(3.97363609576898,2.90358083057982,1.5));
#3082=CARTESIAN_POINT('Ctrl Pts',(4.10270054877493,2.40218775778309,1.5));
#3083=CARTESIAN_POINT('Ctrl Pts',(4.23639892021223,1.90207786666091,1.5));
#3084=CARTESIAN_POINT('Ctrl Pts',(4.40011760558502,1.28967521902328,1.5));
#3085=CARTESIAN_POINT('Ctrl Pts',(4.56463132404461,0.677484800007994,1.5));
#3086=CARTESIAN_POINT('Ctrl Pts',(4.72865442276822,0.065163195594693,1.5));
#3087=CARTESIAN_POINT('Ctrl Pts',(4.73338369992766,0.0475081299330804,1.5));
#3088=CARTESIAN_POINT('Ctrl Pts',(4.73651204114271,0.0294240806468982,1.5));
#3089=CARTESIAN_POINT('Ctrl Pts',(4.7407218486847,0.00999320587508068,1.5));
#3090=CARTESIAN_POINT('Origin',(2.62934090392503,0.00999320587507513,3.98973579048607E-16));
#3091=CARTESIAN_POINT('',(2.62934090392503,0.00999320587507513,3.98973579048607E-16));
#3092=CARTESIAN_POINT('',(-9.39072808780077,0.00999320587504959,0.));
#3093=CARTESIAN_POINT('',(2.62934090392503,0.00999320587507624,1.5));
#3094=CARTESIAN_POINT('',(2.62934090392503,0.00999320587507513,3.98973579048607E-16));
#3095=CARTESIAN_POINT('',(-9.39072808780077,0.00999320587505015,1.5));
#3096=CARTESIAN_POINT('Ctrl Pts',(3.13847310309733,0.284949773496777,3.36622867242685E-16));
#3097=CARTESIAN_POINT('Ctrl Pts',(3.13847310309733,0.284949773496778,1.5));
#3098=CARTESIAN_POINT('Ctrl Pts',(3.07507470637554,0.204446005625101,3.44386931604327E-16));
#3099=CARTESIAN_POINT('Ctrl Pts',(3.07507470637554,0.204446005625102,1.5));
#3100=CARTESIAN_POINT('Ctrl Pts',(2.99385398765255,0.155389002913859,3.54333600925183E-16));
#3101=CARTESIAN_POINT('Ctrl Pts',(2.99385398765255,0.15538900291386,1.5));
#3102=CARTESIAN_POINT('Ctrl Pts',(2.90686973691783,0.117146922355686,3.64986099349034E-16));
#3103=CARTESIAN_POINT('Ctrl Pts',(2.90686973691783,0.117146922355688,1.5));
#3104=CARTESIAN_POINT('Ctrl Pts',(2.82065532143454,0.0792432950399413,3.75544320145231E-16));
#3105=CARTESIAN_POINT('Ctrl Pts',(2.82065532143454,0.0792432950399424,1.5));
#3106=CARTESIAN_POINT('Ctrl Pts',(2.73112044610284,0.0488927448527643,3.86509179993934E-16));
#3107=CARTESIAN_POINT('Ctrl Pts',(2.73112044610284,0.0488927448527654,1.5));
#3108=CARTESIAN_POINT('Ctrl Pts',(2.62934090392503,0.00999320587507513,
3.98973579048607E-16));
#3109=CARTESIAN_POINT('Ctrl Pts',(2.62934090392503,0.00999320587507624,
1.5));
#3110=CARTESIAN_POINT('',(3.13847310309733,0.284949773496777,3.36622867242685E-16));
#3111=CARTESIAN_POINT('Ctrl Pts',(3.13847310309733,0.284949773496777,3.36622867242685E-16));
#3112=CARTESIAN_POINT('Ctrl Pts',(3.07507470637554,0.204446005625101,3.44386931604327E-16));
#3113=CARTESIAN_POINT('Ctrl Pts',(2.99385398765255,0.155389002913859,3.54333600925183E-16));
#3114=CARTESIAN_POINT('Ctrl Pts',(2.90686973691783,0.117146922355686,3.64986099349034E-16));
#3115=CARTESIAN_POINT('Ctrl Pts',(2.82065532143454,0.0792432950399413,3.75544320145231E-16));
#3116=CARTESIAN_POINT('Ctrl Pts',(2.73112044610284,0.0488927448527643,3.86509179993934E-16));
#3117=CARTESIAN_POINT('Ctrl Pts',(2.62934090392503,0.00999320587507513,
3.98973579048607E-16));
#3118=CARTESIAN_POINT('',(3.13847310309733,0.284949773496778,1.5));
#3119=CARTESIAN_POINT('',(3.13847310309733,0.284949773496777,3.36622867242685E-16));
#3120=CARTESIAN_POINT('Ctrl Pts',(2.62934090392503,0.00999320587507624,
1.5));
#3121=CARTESIAN_POINT('Ctrl Pts',(2.73112044610284,0.0488927448527654,1.5));
#3122=CARTESIAN_POINT('Ctrl Pts',(2.82065532143454,0.0792432950399424,1.5));
#3123=CARTESIAN_POINT('Ctrl Pts',(2.90686973691783,0.117146922355688,1.5));
#3124=CARTESIAN_POINT('Ctrl Pts',(2.99385398765255,0.15538900291386,1.5));
#3125=CARTESIAN_POINT('Ctrl Pts',(3.07507470637554,0.204446005625102,1.5));
#3126=CARTESIAN_POINT('Ctrl Pts',(3.13847310309733,0.284949773496778,1.5));
#3127=CARTESIAN_POINT('Ctrl Pts',(1.50356169007592,2.26962403830939,5.36841770127301E-16));
#3128=CARTESIAN_POINT('Ctrl Pts',(1.50356169007592,2.26962403830939,1.5));
#3129=CARTESIAN_POINT('Ctrl Pts',(2.06989191191872,1.62300257372169,4.67486320783281E-16));
#3130=CARTESIAN_POINT('Ctrl Pts',(2.06989191191872,1.62300257372169,1.5));
#3131=CARTESIAN_POINT('Ctrl Pts',(2.61157211827693,0.961777269327005,4.01149627695475E-16));
#3132=CARTESIAN_POINT('Ctrl Pts',(2.61157211827693,0.961777269327007,1.5));
#3133=CARTESIAN_POINT('Ctrl Pts',(3.13847310309733,0.284949773496777,3.36622867242685E-16));
#3134=CARTESIAN_POINT('Ctrl Pts',(3.13847310309733,0.284949773496778,1.5));
#3135=CARTESIAN_POINT('',(1.50356169007592,2.26962403830939,5.36841770127301E-16));
#3136=CARTESIAN_POINT('Ctrl Pts',(1.50356169007592,2.26962403830939,5.36841770127301E-16));
#3137=CARTESIAN_POINT('Ctrl Pts',(2.06989191191872,1.62300257372169,4.67486320783281E-16));
#3138=CARTESIAN_POINT('Ctrl Pts',(2.61157211827693,0.961777269327005,4.01149627695475E-16));
#3139=CARTESIAN_POINT('Ctrl Pts',(3.13847310309733,0.284949773496777,3.36622867242685E-16));
#3140=CARTESIAN_POINT('',(1.50356169007592,2.26962403830939,1.5));
#3141=CARTESIAN_POINT('',(1.50356169007592,2.26962403830939,5.36841770127301E-16));
#3142=CARTESIAN_POINT('Ctrl Pts',(3.13847310309733,0.284949773496778,1.5));
#3143=CARTESIAN_POINT('Ctrl Pts',(2.61157211827693,0.961777269327007,1.5));
#3144=CARTESIAN_POINT('Ctrl Pts',(2.06989191191872,1.62300257372169,1.5));
#3145=CARTESIAN_POINT('Ctrl Pts',(1.50356169007592,2.26962403830939,1.5));
#3146=CARTESIAN_POINT('Ctrl Pts',(1.52116219969751,2.27174993621068,5.34686329350156E-16));
#3147=CARTESIAN_POINT('Ctrl Pts',(1.52116219969751,2.27174993621069,1.5));
#3148=CARTESIAN_POINT('Ctrl Pts',(1.51836836547603,2.27273989018642,5.35028475363825E-16));
#3149=CARTESIAN_POINT('Ctrl Pts',(1.51836836547603,2.27273989018642,1.5));
#3150=CARTESIAN_POINT('Ctrl Pts',(1.51463076436513,2.27106681951977,5.3548619948752E-16));
#3151=CARTESIAN_POINT('Ctrl Pts',(1.51463076436513,2.27106681951977,1.5));
#3152=CARTESIAN_POINT('Ctrl Pts',(1.50356169007592,2.26962403830939,5.36841770127301E-16));
#3153=CARTESIAN_POINT('Ctrl Pts',(1.50356169007592,2.26962403830939,1.5));
#3154=CARTESIAN_POINT('',(1.52116219969751,2.27174993621068,5.34686329350156E-16));
#3155=CARTESIAN_POINT('Ctrl Pts',(1.52116219969751,2.27174993621068,5.34686329350156E-16));
#3156=CARTESIAN_POINT('Ctrl Pts',(1.51836836547603,2.27273989018642,5.35028475363825E-16));
#3157=CARTESIAN_POINT('Ctrl Pts',(1.51463076436513,2.27106681951977,5.3548619948752E-16));
#3158=CARTESIAN_POINT('Ctrl Pts',(1.50356169007592,2.26962403830939,5.36841770127301E-16));
#3159=CARTESIAN_POINT('',(1.52116219969751,2.27174993621069,1.5));
#3160=CARTESIAN_POINT('',(1.52116219969751,2.27174993621068,5.34686329350156E-16));
#3161=CARTESIAN_POINT('Ctrl Pts',(1.50356169007592,2.26962403830939,1.5));
#3162=CARTESIAN_POINT('Ctrl Pts',(1.51463076436513,2.27106681951977,1.5));
#3163=CARTESIAN_POINT('Ctrl Pts',(1.51836836547603,2.27273989018642,1.5));
#3164=CARTESIAN_POINT('Ctrl Pts',(1.52116219969751,2.27174993621069,1.5));
#3165=CARTESIAN_POINT('Ctrl Pts',(3.64810980736282,0.581549674204594,2.74210371382011E-16));
#3166=CARTESIAN_POINT('Ctrl Pts',(3.64810980736282,0.581549674204596,1.5));
#3167=CARTESIAN_POINT('Ctrl Pts',(3.62459670476383,0.611751506621189,2.77089895965598E-16));
#3168=CARTESIAN_POINT('Ctrl Pts',(3.62459670476383,0.61175150662119,1.5));
#3169=CARTESIAN_POINT('Ctrl Pts',(3.60836173193488,0.632309242930283,2.7907810671652E-16));
#3170=CARTESIAN_POINT('Ctrl Pts',(3.60836173193488,0.632309242930285,1.5));
#3171=CARTESIAN_POINT('Ctrl Pts',(3.59243660450293,0.653104128941787,2.81028372350076E-16));
#3172=CARTESIAN_POINT('Ctrl Pts',(3.59243660450293,0.653104128941788,1.5));
#3173=CARTESIAN_POINT('Ctrl Pts',(3.26122892724115,1.08559209013542,3.21589614531243E-16));
#3174=CARTESIAN_POINT('Ctrl Pts',(3.26122892724115,1.08559209013542,1.5));
#3175=CARTESIAN_POINT('Ctrl Pts',(2.9297599619325,1.51788104421739,3.62182855269436E-16));
#3176=CARTESIAN_POINT('Ctrl Pts',(2.9297599619325,1.51788104421739,1.5));
#3177=CARTESIAN_POINT('Ctrl Pts',(2.59947077876572,1.95106944541801,4.02631614365254E-16));
#3178=CARTESIAN_POINT('Ctrl Pts',(2.59947077876572,1.95106944541801,1.5));
#3179=CARTESIAN_POINT('Ctrl Pts',(2.57435820977201,1.98400565455488,4.05707017088907E-16));
#3180=CARTESIAN_POINT('Ctrl Pts',(2.57435820977201,1.98400565455488,1.5));
#3181=CARTESIAN_POINT('Ctrl Pts',(2.54644475445458,2.00164097507402,4.09125429459669E-16));
#3182=CARTESIAN_POINT('Ctrl Pts',(2.54644475445458,2.00164097507402,1.5));
#3183=CARTESIAN_POINT('Ctrl Pts',(2.50553981133684,2.00974997665891,4.14134840225514E-16));
#3184=CARTESIAN_POINT('Ctrl Pts',(2.50553981133684,2.00974997665891,1.5));
#3185=CARTESIAN_POINT('Ctrl Pts',(2.17184344485108,2.07590199053446,4.55000858935902E-16));
#3186=CARTESIAN_POINT('Ctrl Pts',(2.17184344485108,2.07590199053446,1.5));
#3187=CARTESIAN_POINT('Ctrl Pts',(1.84224836164153,2.1579620746536,4.95364615302632E-16));
#3188=CARTESIAN_POINT('Ctrl Pts',(1.84224836164153,2.1579620746536,1.5));
#3189=CARTESIAN_POINT('Ctrl Pts',(1.52116219969751,2.27174993621068,5.34686329350156E-16));
#3190=CARTESIAN_POINT('Ctrl Pts',(1.52116219969751,2.27174993621069,1.5));
#3191=CARTESIAN_POINT('',(3.64810980736282,0.581549674204594,2.74210371382011E-16));
#3192=CARTESIAN_POINT('Ctrl Pts',(3.64810980736282,0.581549674204594,2.74210371382011E-16));
#3193=CARTESIAN_POINT('Ctrl Pts',(3.62459670476383,0.611751506621189,2.77089895965598E-16));
#3194=CARTESIAN_POINT('Ctrl Pts',(3.60836173193488,0.632309242930283,2.7907810671652E-16));
#3195=CARTESIAN_POINT('Ctrl Pts',(3.59243660450293,0.653104128941787,2.81028372350076E-16));
#3196=CARTESIAN_POINT('Ctrl Pts',(3.26122892724115,1.08559209013542,3.21589614531243E-16));
#3197=CARTESIAN_POINT('Ctrl Pts',(2.9297599619325,1.51788104421739,3.62182855269436E-16));
#3198=CARTESIAN_POINT('Ctrl Pts',(2.59947077876572,1.95106944541801,4.02631614365254E-16));
#3199=CARTESIAN_POINT('Ctrl Pts',(2.57435820977201,1.98400565455488,4.05707017088907E-16));
#3200=CARTESIAN_POINT('Ctrl Pts',(2.54644475445458,2.00164097507402,4.09125429459669E-16));
#3201=CARTESIAN_POINT('Ctrl Pts',(2.50553981133684,2.00974997665891,4.14134840225514E-16));
#3202=CARTESIAN_POINT('Ctrl Pts',(2.17184344485108,2.07590199053446,4.55000858935902E-16));
#3203=CARTESIAN_POINT('Ctrl Pts',(1.84224836164153,2.1579620746536,4.95364615302632E-16));
#3204=CARTESIAN_POINT('Ctrl Pts',(1.52116219969751,2.27174993621068,5.34686329350156E-16));
#3205=CARTESIAN_POINT('',(3.64810980736282,0.581549674204596,1.5));
#3206=CARTESIAN_POINT('',(3.64810980736282,0.581549674204594,2.74210371382011E-16));
#3207=CARTESIAN_POINT('Ctrl Pts',(1.52116219969751,2.27174993621069,1.5));
#3208=CARTESIAN_POINT('Ctrl Pts',(1.84224836164153,2.1579620746536,1.5));
#3209=CARTESIAN_POINT('Ctrl Pts',(2.17184344485108,2.07590199053446,1.5));
#3210=CARTESIAN_POINT('Ctrl Pts',(2.50553981133684,2.00974997665891,1.5));
#3211=CARTESIAN_POINT('Ctrl Pts',(2.54644475445458,2.00164097507402,1.5));
#3212=CARTESIAN_POINT('Ctrl Pts',(2.57435820977201,1.98400565455488,1.5));
#3213=CARTESIAN_POINT('Ctrl Pts',(2.59947077876572,1.95106944541801,1.5));
#3214=CARTESIAN_POINT('Ctrl Pts',(2.9297599619325,1.51788104421739,1.5));
#3215=CARTESIAN_POINT('Ctrl Pts',(3.26122892724115,1.08559209013542,1.5));
#3216=CARTESIAN_POINT('Ctrl Pts',(3.59243660450293,0.653104128941788,1.5));
#3217=CARTESIAN_POINT('Ctrl Pts',(3.60836173193488,0.632309242930285,1.5));
#3218=CARTESIAN_POINT('Ctrl Pts',(3.62459670476383,0.61175150662119,1.5));
#3219=CARTESIAN_POINT('Ctrl Pts',(3.64810980736282,0.581549674204596,1.5));
#3220=CARTESIAN_POINT('Ctrl Pts',(3.07920764310351,2.68306983784768,3.43880792830828E-16));
#3221=CARTESIAN_POINT('Ctrl Pts',(3.07920764310351,2.68306983784768,1.5));
#3222=CARTESIAN_POINT('Ctrl Pts',(2.92864097270114,2.72152850009558,3.62319891927482E-16));
#3223=CARTESIAN_POINT('Ctrl Pts',(2.92864097270114,2.72152850009558,1.5));
#3224=CARTESIAN_POINT('Ctrl Pts',(2.78168787654993,2.74982664940199,3.80316455810119E-16));
#3225=CARTESIAN_POINT('Ctrl Pts',(2.78168787654993,2.74982664940199,1.5));
#3226=CARTESIAN_POINT('Ctrl Pts',(2.34572700310171,2.89575910786649,4.33706264632304E-16));
#3227=CARTESIAN_POINT('Ctrl Pts',(2.34572700310171,2.89575910786649,1.5));
#3228=CARTESIAN_POINT('Ctrl Pts',(2.05400734473992,3.0052520750973,4.69431619218416E-16));
#3229=CARTESIAN_POINT('Ctrl Pts',(2.05400734473992,3.0052520750973,1.5));
#3230=CARTESIAN_POINT('Ctrl Pts',(1.68631088586604,3.13459814331942,5.14461448360188E-16));
#3231=CARTESIAN_POINT('Ctrl Pts',(1.68631088586604,3.13459814331942,1.5));
#3232=CARTESIAN_POINT('Ctrl Pts',(1.63692764054401,3.18620154017526,5.20509151691701E-16));
#3233=CARTESIAN_POINT('Ctrl Pts',(1.63692764054401,3.18620154017526,1.5));
#3234=CARTESIAN_POINT('Ctrl Pts',(1.45048961156065,3.43112347427001,5.43341225235083E-16));
#3235=CARTESIAN_POINT('Ctrl Pts',(1.45048961156065,3.43112347427001,1.5));
#3236=CARTESIAN_POINT('Ctrl Pts',(1.30835891542834,3.61537199464218,5.60747215442984E-16));
#3237=CARTESIAN_POINT('Ctrl Pts',(1.30835891542834,3.61537199464218,1.5));
#3238=CARTESIAN_POINT('Ctrl Pts',(0.908609201861742,4.13478291991676,6.09702436160925E-16));
#3239=CARTESIAN_POINT('Ctrl Pts',(0.908609201861742,4.13478291991677,1.5));
#3240=CARTESIAN_POINT('Ctrl Pts',(0.364355115167132,4.0958662626484,6.76354338680267E-16));
#3241=CARTESIAN_POINT('Ctrl Pts',(0.364355115167132,4.0958662626484,1.5));
#3242=CARTESIAN_POINT('Ctrl Pts',(0.0847168565902212,3.52353850228178,7.10600148508803E-16));
#3243=CARTESIAN_POINT('Ctrl Pts',(0.0847168565902212,3.52353850228178,1.5));
#3244=CARTESIAN_POINT('Ctrl Pts',(0.138972619358539,3.33610777091562,7.03955733887851E-16));
#3245=CARTESIAN_POINT('Ctrl Pts',(0.138972619358539,3.33610777091562,1.5));
#3246=CARTESIAN_POINT('Ctrl Pts',(0.367750740978793,3.01849301099236,6.75938494452132E-16));
#3247=CARTESIAN_POINT('Ctrl Pts',(0.367750740978793,3.01849301099236,1.5));
#3248=CARTESIAN_POINT('Ctrl Pts',(0.507594778300792,2.91351424479299,6.58812539183509E-16));
#3249=CARTESIAN_POINT('Ctrl Pts',(0.507594778300792,2.91351424479299,1.5));
#3250=CARTESIAN_POINT('Ctrl Pts',(0.964554078077031,2.60679443214031,6.02851164802351E-16));
#3251=CARTESIAN_POINT('Ctrl Pts',(0.964554078077031,2.60679443214031,1.5));
#3252=CARTESIAN_POINT('Ctrl Pts',(1.30920449438684,2.4692953328014,5.60643661886489E-16));
#3253=CARTESIAN_POINT('Ctrl Pts',(1.30920449438684,2.4692953328014,1.5));
#3254=CARTESIAN_POINT('Ctrl Pts',(2.14469270511672,2.2048523024921,4.58325865586919E-16));
#3255=CARTESIAN_POINT('Ctrl Pts',(2.14469270511672,2.20485230249211,1.5));
#3256=CARTESIAN_POINT('Ctrl Pts',(2.63665646726707,2.10737044713385,3.98077680925528E-16));
#3257=CARTESIAN_POINT('Ctrl Pts',(2.63665646726707,2.10737044713385,1.5));
#3258=CARTESIAN_POINT('Ctrl Pts',(3.25647430467777,2.02377422752943,3.22171887861583E-16));
#3259=CARTESIAN_POINT('Ctrl Pts',(3.25647430467777,2.02377422752943,1.5));
#3260=CARTESIAN_POINT('Ctrl Pts',(3.25554326513444,2.02503179577986,3.22285907321245E-16));
#3261=CARTESIAN_POINT('Ctrl Pts',(3.25554326513444,2.02503179577986,1.5));
#3262=CARTESIAN_POINT('Ctrl Pts',(3.40640609573,1.4767672679956,3.03810539061328E-16));
#3263=CARTESIAN_POINT('Ctrl Pts',(3.40640609573,1.4767672679956,1.5));
#3264=CARTESIAN_POINT('Ctrl Pts',(3.52635640542647,1.04402941654202,2.89120862778676E-16));
#3265=CARTESIAN_POINT('Ctrl Pts',(3.52635640542647,1.04402941654202,1.5));
#3266=CARTESIAN_POINT('Ctrl Pts',(3.64721053641522,0.606341459772858,2.74320500310765E-16));
#3267=CARTESIAN_POINT('Ctrl Pts',(3.64721053641522,0.606341459772859,1.5));
#3268=CARTESIAN_POINT('Ctrl Pts',(3.64672387179692,0.601007356865583,2.74380099537472E-16));
#3269=CARTESIAN_POINT('Ctrl Pts',(3.64672387179692,0.601007356865584,1.5));
#3270=CARTESIAN_POINT('Ctrl Pts',(3.64810980736282,0.581549674204594,2.74210371382011E-16));
#3271=CARTESIAN_POINT('Ctrl Pts',(3.64810980736282,0.581549674204596,1.5));
#3272=CARTESIAN_POINT('',(3.07920764310351,2.68306983784768,3.43880792830828E-16));
#3273=CARTESIAN_POINT('Ctrl Pts',(3.07920764310351,2.68306983784768,3.43880792830828E-16));
#3274=CARTESIAN_POINT('Ctrl Pts',(2.92864097270114,2.72152850009558,3.62319891927482E-16));
#3275=CARTESIAN_POINT('Ctrl Pts',(2.78168787654993,2.74982664940199,3.80316455810119E-16));
#3276=CARTESIAN_POINT('Ctrl Pts',(2.64102332979613,2.79691228414299,3.97542894503674E-16));
#3277=CARTESIAN_POINT('Ctrl Pts',(2.34572700310171,2.89575910786649,4.33706264632304E-16));
#3278=CARTESIAN_POINT('Ctrl Pts',(2.05400734473992,3.0052520750973,4.69431619218416E-16));
#3279=CARTESIAN_POINT('Ctrl Pts',(1.76019781087911,3.1086066413269,5.05412909738578E-16));
#3280=CARTESIAN_POINT('Ctrl Pts',(1.68631088586604,3.13459814331942,5.14461448360188E-16));
#3281=CARTESIAN_POINT('Ctrl Pts',(1.63692764054401,3.18620154017526,5.20509151691701E-16));
#3282=CARTESIAN_POINT('Ctrl Pts',(1.59143084471103,3.24597026488927,5.26080902230534E-16));
#3283=CARTESIAN_POINT('Ctrl Pts',(1.45048961156065,3.43112347427001,5.43341225235083E-16));
#3284=CARTESIAN_POINT('Ctrl Pts',(1.30835891542834,3.61537199464218,5.60747215442984E-16));
#3285=CARTESIAN_POINT('Ctrl Pts',(1.16643698178163,3.79977668079249,5.7812763961991E-16));
#3286=CARTESIAN_POINT('Ctrl Pts',(0.908609201861742,4.13478291991676,6.09702436160925E-16));
#3287=CARTESIAN_POINT('Ctrl Pts',(0.364355115167132,4.0958662626484,6.76354338680267E-16));
#3288=CARTESIAN_POINT('Ctrl Pts',(0.184308487436721,3.72737018736469,6.98403691315E-16));
#3289=CARTESIAN_POINT('Ctrl Pts',(0.0847168565902212,3.52353850228178,7.10600148508803E-16));
#3290=CARTESIAN_POINT('Ctrl Pts',(0.138972619358539,3.33610777091562,7.03955733887851E-16));
#3291=CARTESIAN_POINT('Ctrl Pts',(0.26406647920484,3.1624388204864,6.88636154382475E-16));
#3292=CARTESIAN_POINT('Ctrl Pts',(0.367750740978793,3.01849301099236,6.75938494452132E-16));
#3293=CARTESIAN_POINT('Ctrl Pts',(0.507594778300792,2.91351424479299,6.58812539183509E-16));
#3294=CARTESIAN_POINT('Ctrl Pts',(0.652917170934931,2.81597107833416,6.41015678885126E-16));
#3295=CARTESIAN_POINT('Ctrl Pts',(0.964554078077031,2.60679443214031,6.02851164802351E-16));
#3296=CARTESIAN_POINT('Ctrl Pts',(1.30920449438684,2.4692953328014,5.60643661886489E-16));
#3297=CARTESIAN_POINT('Ctrl Pts',(1.6646926066875,2.35677874656176,5.17108924000095E-16));
#3298=CARTESIAN_POINT('Ctrl Pts',(2.14469270511672,2.2048523024921,4.58325865586919E-16));
#3299=CARTESIAN_POINT('Ctrl Pts',(2.63665646726707,2.10737044713385,3.98077680925528E-16));
#3300=CARTESIAN_POINT('Ctrl Pts',(3.13496546845665,2.0401623963486,3.37052428596214E-16));
#3301=CARTESIAN_POINT('Ctrl Pts',(3.25647430467777,2.02377422752943,3.22171887861583E-16));
#3302=CARTESIAN_POINT('Ctrl Pts',(3.25554326513444,2.02503179577986,3.22285907321245E-16));
#3303=CARTESIAN_POINT('Ctrl Pts',(3.28727045282163,1.90972909658899,3.18400447436538E-16));
#3304=CARTESIAN_POINT('Ctrl Pts',(3.40640609573,1.4767672679956,3.03810539061328E-16));
#3305=CARTESIAN_POINT('Ctrl Pts',(3.52635640542647,1.04402941654202,2.89120862778676E-16));
#3306=CARTESIAN_POINT('Ctrl Pts',(3.64587635491892,0.611173360580014,2.74483890420658E-16));
#3307=CARTESIAN_POINT('Ctrl Pts',(3.64721053641522,0.606341459772858,2.74320500310765E-16));
#3308=CARTESIAN_POINT('Ctrl Pts',(3.64672387179692,0.601007356865583,2.74380099537472E-16));
#3309=CARTESIAN_POINT('Ctrl Pts',(3.64810980736282,0.581549674204594,2.74210371382011E-16));
#3310=CARTESIAN_POINT('',(3.07920764310351,2.68306983784768,1.5));
#3311=CARTESIAN_POINT('',(3.07920764310351,2.68306983784768,3.43880792830828E-16));
#3312=CARTESIAN_POINT('Ctrl Pts',(3.64810980736282,0.581549674204596,1.5));
#3313=CARTESIAN_POINT('Ctrl Pts',(3.64672387179692,0.601007356865584,1.5));
#3314=CARTESIAN_POINT('Ctrl Pts',(3.64721053641522,0.606341459772859,1.5));
#3315=CARTESIAN_POINT('Ctrl Pts',(3.64587635491892,0.611173360580015,1.5));
#3316=CARTESIAN_POINT('Ctrl Pts',(3.52635640542647,1.04402941654202,1.5));
#3317=CARTESIAN_POINT('Ctrl Pts',(3.40640609573,1.4767672679956,1.5));
#3318=CARTESIAN_POINT('Ctrl Pts',(3.28727045282163,1.90972909658899,1.5));
#3319=CARTESIAN_POINT('Ctrl Pts',(3.25554326513444,2.02503179577986,1.5));
#3320=CARTESIAN_POINT('Ctrl Pts',(3.25647430467777,2.02377422752943,1.5));
#3321=CARTESIAN_POINT('Ctrl Pts',(3.13496546845665,2.0401623963486,1.5));
#3322=CARTESIAN_POINT('Ctrl Pts',(2.63665646726707,2.10737044713385,1.5));
#3323=CARTESIAN_POINT('Ctrl Pts',(2.14469270511672,2.20485230249211,1.5));
#3324=CARTESIAN_POINT('Ctrl Pts',(1.6646926066875,2.35677874656177,1.5));
#3325=CARTESIAN_POINT('Ctrl Pts',(1.30920449438684,2.4692953328014,1.5));
#3326=CARTESIAN_POINT('Ctrl Pts',(0.964554078077031,2.60679443214031,1.5));
#3327=CARTESIAN_POINT('Ctrl Pts',(0.652917170934931,2.81597107833417,1.5));
#3328=CARTESIAN_POINT('Ctrl Pts',(0.507594778300792,2.91351424479299,1.5));
#3329=CARTESIAN_POINT('Ctrl Pts',(0.367750740978793,3.01849301099236,1.5));
#3330=CARTESIAN_POINT('Ctrl Pts',(0.26406647920484,3.1624388204864,1.5));
#3331=CARTESIAN_POINT('Ctrl Pts',(0.138972619358539,3.33610777091562,1.5));
#3332=CARTESIAN_POINT('Ctrl Pts',(0.0847168565902212,3.52353850228178,1.5));
#3333=CARTESIAN_POINT('Ctrl Pts',(0.184308487436721,3.72737018736469,1.5));
#3334=CARTESIAN_POINT('Ctrl Pts',(0.364355115167132,4.0958662626484,1.5));
#3335=CARTESIAN_POINT('Ctrl Pts',(0.908609201861742,4.13478291991677,1.5));
#3336=CARTESIAN_POINT('Ctrl Pts',(1.16643698178163,3.79977668079249,1.5));
#3337=CARTESIAN_POINT('Ctrl Pts',(1.30835891542834,3.61537199464218,1.5));
#3338=CARTESIAN_POINT('Ctrl Pts',(1.45048961156065,3.43112347427001,1.5));
#3339=CARTESIAN_POINT('Ctrl Pts',(1.59143084471103,3.24597026488927,1.5));
#3340=CARTESIAN_POINT('Ctrl Pts',(1.63692764054401,3.18620154017526,1.5));
#3341=CARTESIAN_POINT('Ctrl Pts',(1.68631088586604,3.13459814331942,1.5));
#3342=CARTESIAN_POINT('Ctrl Pts',(1.76019781087911,3.1086066413269,1.5));
#3343=CARTESIAN_POINT('Ctrl Pts',(2.05400734473992,3.0052520750973,1.5));
#3344=CARTESIAN_POINT('Ctrl Pts',(2.34572700310171,2.89575910786649,1.5));
#3345=CARTESIAN_POINT('Ctrl Pts',(2.64102332979613,2.79691228414299,1.5));
#3346=CARTESIAN_POINT('Ctrl Pts',(2.78168787654993,2.74982664940199,1.5));
#3347=CARTESIAN_POINT('Ctrl Pts',(2.92864097270114,2.72152850009558,1.5));
#3348=CARTESIAN_POINT('Ctrl Pts',(3.07920764310351,2.68306983784768,1.5));
#3349=CARTESIAN_POINT('Ctrl Pts',(2.56269875262673,3.94350055678208,4.07134888776183E-16));
#3350=CARTESIAN_POINT('Ctrl Pts',(2.56269875262673,3.94350055678208,1.5));
#3351=CARTESIAN_POINT('Ctrl Pts',(2.58387989186393,3.92694297093911,4.0454094733927E-16));
#3352=CARTESIAN_POINT('Ctrl Pts',(2.58387989186393,3.92694297093911,1.5));
#3353=CARTESIAN_POINT('Ctrl Pts',(2.59608150289906,3.9163582646827,4.03046680949408E-16));
#3354=CARTESIAN_POINT('Ctrl Pts',(2.59608150289906,3.9163582646827,1.5));
#3355=CARTESIAN_POINT('Ctrl Pts',(2.60929473965323,3.90724014143716,4.01428526139671E-16));
#3356=CARTESIAN_POINT('Ctrl Pts',(2.60929473965323,3.90724014143716,1.5));
#3357=CARTESIAN_POINT('Ctrl Pts',(2.72983338140873,3.82405944833186,3.86666799959726E-16));
#3358=CARTESIAN_POINT('Ctrl Pts',(2.72983338140873,3.82405944833186,1.5));
#3359=CARTESIAN_POINT('Ctrl Pts',(2.81210817853078,3.71517230849594,3.76591043265125E-16));
#3360=CARTESIAN_POINT('Ctrl Pts',(2.81210817853078,3.71517230849594,1.5));
#3361=CARTESIAN_POINT('Ctrl Pts',(2.84923762023702,3.5710162427732,3.72043998071157E-16));
#3362=CARTESIAN_POINT('Ctrl Pts',(2.84923762023702,3.5710162427732,1.5));
#3363=CARTESIAN_POINT('Ctrl Pts',(2.92170056824201,3.28967687931832,3.63169846338049E-16));
#3364=CARTESIAN_POINT('Ctrl Pts',(2.92170056824201,3.28967687931832,1.5));
#3365=CARTESIAN_POINT('Ctrl Pts',(2.99802841338368,3.00933443820905,3.53822381214192E-16));
#3366=CARTESIAN_POINT('Ctrl Pts',(2.99802841338368,3.00933443820905,1.5));
#3367=CARTESIAN_POINT('Ctrl Pts',(3.07250793174463,2.72851276266328,3.44701270837914E-16));
#3368=CARTESIAN_POINT('Ctrl Pts',(3.07250793174463,2.72851276266328,1.5));
#3369=CARTESIAN_POINT('Ctrl Pts',(3.0755340418993,2.7171029503723,3.44330679226436E-16));
#3370=CARTESIAN_POINT('Ctrl Pts',(3.0755340418993,2.7171029503723,1.5));
#3371=CARTESIAN_POINT('Ctrl Pts',(3.07605561672592,2.7050296978166,3.44266804732243E-16));
#3372=CARTESIAN_POINT('Ctrl Pts',(3.07605561672592,2.7050296978166,1.5));
#3373=CARTESIAN_POINT('Ctrl Pts',(3.07920764310351,2.68306983784768,3.43880792830828E-16));
#3374=CARTESIAN_POINT('Ctrl Pts',(3.07920764310351,2.68306983784768,1.5));
#3375=CARTESIAN_POINT('Ctrl Pts',(2.56269875262673,3.94350055678208,4.07134888776183E-16));
#3376=CARTESIAN_POINT('Ctrl Pts',(2.58387989186393,3.92694297093911,4.0454094733927E-16));
#3377=CARTESIAN_POINT('Ctrl Pts',(2.59608150289906,3.9163582646827,4.03046680949408E-16));
#3378=CARTESIAN_POINT('Ctrl Pts',(2.60929473965323,3.90724014143716,4.01428526139671E-16));
#3379=CARTESIAN_POINT('Ctrl Pts',(2.72983338140873,3.82405944833186,3.86666799959726E-16));
#3380=CARTESIAN_POINT('Ctrl Pts',(2.81210817853078,3.71517230849594,3.76591043265125E-16));
#3381=CARTESIAN_POINT('Ctrl Pts',(2.84923762023702,3.5710162427732,3.72043998071157E-16));
#3382=CARTESIAN_POINT('Ctrl Pts',(2.92170056824201,3.28967687931832,3.63169846338049E-16));
#3383=CARTESIAN_POINT('Ctrl Pts',(2.99802841338368,3.00933443820905,3.53822381214192E-16));
#3384=CARTESIAN_POINT('Ctrl Pts',(3.07250793174463,2.72851276266328,3.44701270837914E-16));
#3385=CARTESIAN_POINT('Ctrl Pts',(3.0755340418993,2.7171029503723,3.44330679226436E-16));
#3386=CARTESIAN_POINT('Ctrl Pts',(3.07605561672592,2.7050296978166,3.44266804732243E-16));
#3387=CARTESIAN_POINT('Ctrl Pts',(3.07920764310351,2.68306983784768,3.43880792830828E-16));
#3388=CARTESIAN_POINT('Ctrl Pts',(3.07920764310351,2.68306983784768,1.5));
#3389=CARTESIAN_POINT('Ctrl Pts',(3.07605561672592,2.7050296978166,1.5));
#3390=CARTESIAN_POINT('Ctrl Pts',(3.0755340418993,2.7171029503723,1.5));
#3391=CARTESIAN_POINT('Ctrl Pts',(3.07250793174463,2.72851276266328,1.5));
#3392=CARTESIAN_POINT('Ctrl Pts',(2.99802841338368,3.00933443820905,1.5));
#3393=CARTESIAN_POINT('Ctrl Pts',(2.92170056824201,3.28967687931832,1.5));
#3394=CARTESIAN_POINT('Ctrl Pts',(2.84923762023702,3.5710162427732,1.5));
#3395=CARTESIAN_POINT('Ctrl Pts',(2.81210817853078,3.71517230849594,1.5));
#3396=CARTESIAN_POINT('Ctrl Pts',(2.72983338140873,3.82405944833186,1.5));
#3397=CARTESIAN_POINT('Ctrl Pts',(2.60929473965323,3.90724014143716,1.5));
#3398=CARTESIAN_POINT('Ctrl Pts',(2.59608150289906,3.9163582646827,1.5));
#3399=CARTESIAN_POINT('Ctrl Pts',(2.58387989186393,3.92694297093911,1.5));
#3400=CARTESIAN_POINT('Ctrl Pts',(2.56269875262673,3.94350055678208,1.5));
#3401=CARTESIAN_POINT('Ctrl Pts',(6.70868123294391,3.4219889265619,-1.00601528607963E-16));
#3402=CARTESIAN_POINT('Ctrl Pts',(6.70868123294391,3.4219889265619,1.5));
#3403=CARTESIAN_POINT('Ctrl Pts',(6.69203062695773,3.42347789485799,-9.85624174754785E-17));
#3404=CARTESIAN_POINT('Ctrl Pts',(6.69203062695773,3.42347789485799,1.5));
#3405=CARTESIAN_POINT('Ctrl Pts',(6.66705471797841,3.4021601322801,-9.5503750776747E-17));
#3406=CARTESIAN_POINT('Ctrl Pts',(6.66705471797841,3.4021601322801,1.5));
#3407=CARTESIAN_POINT('Ctrl Pts',(6.65595754385362,3.38485580138268,-9.41447388995967E-17));
#3408=CARTESIAN_POINT('Ctrl Pts',(6.65595754385362,3.38485580138268,1.5));
#3409=CARTESIAN_POINT('',(6.70868123294391,3.4219889265619,-1.00601528607963E-16));
#3410=CARTESIAN_POINT('',(6.65595754385362,3.38485580138268,-9.41447388995967E-17));
#3411=CARTESIAN_POINT('Ctrl Pts',(6.70868123294391,3.4219889265619,-1.00601528607963E-16));
#3412=CARTESIAN_POINT('Ctrl Pts',(6.69203062695773,3.42347789485799,-9.85624174754785E-17));
#3413=CARTESIAN_POINT('Ctrl Pts',(6.66705471797841,3.4021601322801,-9.5503750776747E-17));
#3414=CARTESIAN_POINT('Ctrl Pts',(6.65595754385362,3.38485580138268,-9.41447388995967E-17));
#3415=CARTESIAN_POINT('',(6.70868123294391,3.4219889265619,1.5));
#3416=CARTESIAN_POINT('',(6.70868123294391,3.4219889265619,-1.00601528607963E-16));
#3417=CARTESIAN_POINT('',(6.65595754385362,3.38485580138268,1.5));
#3418=CARTESIAN_POINT('Ctrl Pts',(6.65595754385362,3.38485580138268,1.5));
#3419=CARTESIAN_POINT('Ctrl Pts',(6.66705471797841,3.4021601322801,1.5));
#3420=CARTESIAN_POINT('Ctrl Pts',(6.69203062695773,3.42347789485799,1.5));
#3421=CARTESIAN_POINT('Ctrl Pts',(6.70868123294391,3.4219889265619,1.5));
#3422=CARTESIAN_POINT('',(6.65595754385362,3.38485580138268,-9.41447388995967E-17));
#3423=CARTESIAN_POINT('Ctrl Pts',(6.90218768188902,3.388736162578,-1.24299233939463E-16));
#3424=CARTESIAN_POINT('Ctrl Pts',(6.90218768188902,3.388736162578,1.5));
#3425=CARTESIAN_POINT('Ctrl Pts',(6.8283904081042,3.40226736383609,-1.15261674426825E-16));
#3426=CARTESIAN_POINT('Ctrl Pts',(6.8283904081042,3.40226736383609,1.5));
#3427=CARTESIAN_POINT('Ctrl Pts',(6.7689356779539,3.41659892592698,-1.07980569929552E-16));
#3428=CARTESIAN_POINT('Ctrl Pts',(6.7689356779539,3.41659892592698,1.5));
#3429=CARTESIAN_POINT('Ctrl Pts',(6.70868123294391,3.4219889265619,-1.00601528607963E-16));
#3430=CARTESIAN_POINT('Ctrl Pts',(6.70868123294391,3.4219889265619,1.5));
#3431=CARTESIAN_POINT('',(6.90218768188902,3.388736162578,-1.24299233939463E-16));
#3432=CARTESIAN_POINT('Ctrl Pts',(6.90218768188902,3.388736162578,-1.24299233939463E-16));
#3433=CARTESIAN_POINT('Ctrl Pts',(6.8283904081042,3.40226736383609,-1.15261674426825E-16));
#3434=CARTESIAN_POINT('Ctrl Pts',(6.7689356779539,3.41659892592698,-1.07980569929552E-16));
#3435=CARTESIAN_POINT('Ctrl Pts',(6.70868123294391,3.4219889265619,-1.00601528607963E-16));
#3436=CARTESIAN_POINT('',(6.90218768188902,3.388736162578,1.5));
#3437=CARTESIAN_POINT('',(6.90218768188902,3.388736162578,-1.24299233939463E-16));
#3438=CARTESIAN_POINT('Ctrl Pts',(6.70868123294391,3.4219889265619,1.5));
#3439=CARTESIAN_POINT('Ctrl Pts',(6.7689356779539,3.41659892592698,1.5));
#3440=CARTESIAN_POINT('Ctrl Pts',(6.8283904081042,3.40226736383609,1.5));
#3441=CARTESIAN_POINT('Ctrl Pts',(6.90218768188902,3.388736162578,1.5));
#3442=CARTESIAN_POINT('Origin',(5.66082996870133,1.71835500525541,2.7723241065756E-17));
#3443=CARTESIAN_POINT('',(5.66082996870133,1.71835500525541,2.7723241065756E-17));
#3444=CARTESIAN_POINT('',(6.04074148859431,2.22956707373278,0.));
#3445=CARTESIAN_POINT('',(5.66082996870133,1.71835500525541,1.5));
#3446=CARTESIAN_POINT('',(5.66082996870133,1.71835500525541,2.7723241065756E-17));
#3447=CARTESIAN_POINT('',(6.04074148859431,2.22956707373278,1.5));
#3448=CARTESIAN_POINT('Origin',(5.62805910075102,1.74740603636158,3.17365149198179E-17));
#3449=CARTESIAN_POINT('',(5.62805910075102,1.74740603636158,3.17365149198179E-17));
#3450=CARTESIAN_POINT('',(-7.3222263359098,13.2276983992231,0.));
#3451=CARTESIAN_POINT('',(5.62805910075102,1.74740603636158,1.5));
#3452=CARTESIAN_POINT('',(5.62805910075102,1.74740603636158,3.17365149198179E-17));
#3453=CARTESIAN_POINT('',(-7.3222263359098,13.2276983992231,1.5));
#3454=CARTESIAN_POINT('Ctrl Pts',(6.65595754385362,3.38485580138268,-9.41447388995967E-17));
#3455=CARTESIAN_POINT('Ctrl Pts',(6.65595754385362,3.38485580138268,1.5));
#3456=CARTESIAN_POINT('Ctrl Pts',(6.50195817170531,3.14472623450749,-7.5285255082384E-17));
#3457=CARTESIAN_POINT('Ctrl Pts',(6.50195817170531,3.14472623450749,1.5));
#3458=CARTESIAN_POINT('Ctrl Pts',(6.34873425758955,2.90408487505449,-5.65207374849143E-17));
#3459=CARTESIAN_POINT('Ctrl Pts',(6.34873425758955,2.9040848750545,1.5));
#3460=CARTESIAN_POINT('Ctrl Pts',(6.19728360565222,2.662339264936,-3.79733818725303E-17));
#3461=CARTESIAN_POINT('Ctrl Pts',(6.19728360565222,2.662339264936,1.5));
#3462=CARTESIAN_POINT('Ctrl Pts',(6.0075202891617,2.35943895954748,-1.47340780589608E-17));
#3463=CARTESIAN_POINT('Ctrl Pts',(6.0075202891617,2.35943895954748,1.5));
#3464=CARTESIAN_POINT('Ctrl Pts',(5.81956561657451,2.055406718614,8.28373075790859E-18));
#3465=CARTESIAN_POINT('Ctrl Pts',(5.81956561657451,2.055406718614,1.5));
#3466=CARTESIAN_POINT('Ctrl Pts',(5.62805910075102,1.74740603636158,3.17365149198179E-17));
#3467=CARTESIAN_POINT('Ctrl Pts',(5.62805910075102,1.74740603636158,1.5));
#3468=CARTESIAN_POINT('Ctrl Pts',(6.65595754385362,3.38485580138268,-9.41447388995967E-17));
#3469=CARTESIAN_POINT('Ctrl Pts',(6.50195817170531,3.14472623450749,-7.5285255082384E-17));
#3470=CARTESIAN_POINT('Ctrl Pts',(6.34873425758955,2.90408487505449,-5.65207374849143E-17));
#3471=CARTESIAN_POINT('Ctrl Pts',(6.19728360565222,2.662339264936,-3.79733818725303E-17));
#3472=CARTESIAN_POINT('Ctrl Pts',(6.0075202891617,2.35943895954748,-1.47340780589608E-17));
#3473=CARTESIAN_POINT('Ctrl Pts',(5.81956561657451,2.055406718614,8.28373075790859E-18));
#3474=CARTESIAN_POINT('Ctrl Pts',(5.62805910075102,1.74740603636158,3.17365149198179E-17));
#3475=CARTESIAN_POINT('Ctrl Pts',(5.62805910075102,1.74740603636158,1.5));
#3476=CARTESIAN_POINT('Ctrl Pts',(5.81956561657451,2.055406718614,1.5));
#3477=CARTESIAN_POINT('Ctrl Pts',(6.0075202891617,2.35943895954748,1.5));
#3478=CARTESIAN_POINT('Ctrl Pts',(6.19728360565222,2.662339264936,1.5));
#3479=CARTESIAN_POINT('Ctrl Pts',(6.34873425758955,2.9040848750545,1.5));
#3480=CARTESIAN_POINT('Ctrl Pts',(6.50195817170531,3.14472623450749,1.5));
#3481=CARTESIAN_POINT('Ctrl Pts',(6.65595754385362,3.38485580138268,1.5));
#3482=CARTESIAN_POINT('Origin',(8.08920292047338,53.9239538083634,0.));
#3483=CARTESIAN_POINT('',(6.38920292047338,53.9239538083634,1.5));
#3484=CARTESIAN_POINT('Origin',(8.08920292047338,53.9239538083634,1.5));
#3485=CARTESIAN_POINT('',(6.38920292047338,53.9239538083634,0.));
#3486=CARTESIAN_POINT('',(6.38920292047338,53.9239538083634,0.));
#3487=CARTESIAN_POINT('Origin',(8.08920292047338,53.9239538083634,0.));
#3488=CARTESIAN_POINT('Origin',(8.08920292047338,-7.0760461916366,0.));
#3489=CARTESIAN_POINT('',(6.38920292047338,-7.0760461916366,1.5));
#3490=CARTESIAN_POINT('Origin',(8.08920292047338,-7.0760461916366,1.5));
#3491=CARTESIAN_POINT('',(6.38920292047338,-7.0760461916366,0.));
#3492=CARTESIAN_POINT('',(6.38920292047338,-7.0760461916366,0.));
#3493=CARTESIAN_POINT('Origin',(8.08920292047338,-7.0760461916366,0.));
#3494=CARTESIAN_POINT('Origin',(-50.9107970795266,-7.0760461916366,0.));
#3495=CARTESIAN_POINT('',(-52.6107970795266,-7.0760461916366,1.5));
#3496=CARTESIAN_POINT('Origin',(-50.9107970795266,-7.0760461916366,1.5));
#3497=CARTESIAN_POINT('',(-52.6107970795266,-7.0760461916366,0.));
#3498=CARTESIAN_POINT('',(-52.6107970795266,-7.0760461916366,0.));
#3499=CARTESIAN_POINT('Origin',(-50.9107970795266,-7.0760461916366,0.));
#3500=CARTESIAN_POINT('Origin',(-50.9107970795266,53.9239538083634,0.));
#3501=CARTESIAN_POINT('',(-52.6107970795266,53.9239538083634,1.5));
#3502=CARTESIAN_POINT('Origin',(-50.9107970795266,53.9239538083634,1.5));
#3503=CARTESIAN_POINT('',(-52.6107970795266,53.9239538083634,0.));
#3504=CARTESIAN_POINT('',(-52.6107970795266,53.9239538083634,0.));
#3505=CARTESIAN_POINT('Origin',(-50.9107970795266,53.9239538083634,0.));
#3506=CARTESIAN_POINT('Origin',(-55.9107970795266,58.9239538083634,0.));
#3507=CARTESIAN_POINT('',(-55.9107970795266,-12.0760461916366,0.));
#3508=CARTESIAN_POINT('',(-55.9107970795266,58.9239538083634,0.));
#3509=CARTESIAN_POINT('',(-55.9107970795266,-12.0760461916366,0.));
#3510=CARTESIAN_POINT('',(-55.9107970795266,-12.0760461916366,1.5));
#3511=CARTESIAN_POINT('',(-55.9107970795266,-12.0760461916366,0.));
#3512=CARTESIAN_POINT('',(-55.9107970795266,58.9239538083634,1.5));
#3513=CARTESIAN_POINT('',(-55.9107970795266,-12.0760461916366,1.5));
#3514=CARTESIAN_POINT('',(-55.9107970795266,58.9239538083634,0.));
#3515=CARTESIAN_POINT('Origin',(13.0892029204734,58.9239538083634,0.));
#3516=CARTESIAN_POINT('',(13.0892029204734,58.9239538083634,0.));
#3517=CARTESIAN_POINT('',(-55.9107970795266,58.9239538083634,0.));
#3518=CARTESIAN_POINT('',(13.0892029204734,58.9239538083634,1.5));
#3519=CARTESIAN_POINT('',(-55.9107970795266,58.9239538083634,1.5));
#3520=CARTESIAN_POINT('',(13.0892029204734,58.9239538083634,0.));
#3521=CARTESIAN_POINT('Origin',(13.0892029204734,-12.0760461916366,0.));
#3522=CARTESIAN_POINT('',(13.0892029204734,-12.0760461916366,0.));
#3523=CARTESIAN_POINT('',(13.0892029204734,58.9239538083634,0.));
#3524=CARTESIAN_POINT('',(13.0892029204734,-12.0760461916366,1.5));
#3525=CARTESIAN_POINT('',(13.0892029204734,58.9239538083634,1.5));
#3526=CARTESIAN_POINT('',(13.0892029204734,-12.0760461916366,0.));
#3527=CARTESIAN_POINT('Origin',(-55.9107970795266,-12.0760461916366,0.));
#3528=CARTESIAN_POINT('',(13.0892029204734,-12.0760461916366,0.));
#3529=CARTESIAN_POINT('',(13.0892029204734,-12.0760461916366,1.5));
#3530=CARTESIAN_POINT('Origin',(-21.4107970795266,23.4239538083634,1.5));
#3531=CARTESIAN_POINT('Origin',(-21.4107970795266,23.4239538083634,0.));
#3532=UNCERTAINTY_MEASURE_WITH_UNIT(LENGTH_MEASURE(0.01),#3536,
'DISTANCE_ACCURACY_VALUE',
'Maximum model space distance between geometric entities at asserted c
onnectivities');
#3533=UNCERTAINTY_MEASURE_WITH_UNIT(LENGTH_MEASURE(0.01),#3536,
'DISTANCE_ACCURACY_VALUE',
'Maximum model space distance between geometric entities at asserted c
onnectivities');
#3534=(
GEOMETRIC_REPRESENTATION_CONTEXT(3)
GLOBAL_UNCERTAINTY_ASSIGNED_CONTEXT((#3532))
GLOBAL_UNIT_ASSIGNED_CONTEXT((#3536,#3538,#3539))
REPRESENTATION_CONTEXT('','3D')
);
#3535=(
GEOMETRIC_REPRESENTATION_CONTEXT(3)
GLOBAL_UNCERTAINTY_ASSIGNED_CONTEXT((#3533))
GLOBAL_UNIT_ASSIGNED_CONTEXT((#3536,#3538,#3539))
REPRESENTATION_CONTEXT('','3D')
);
#3536=(
LENGTH_UNIT()
NAMED_UNIT(*)
SI_UNIT(.MILLI.,.METRE.)
);
#3537=(
LENGTH_UNIT()
NAMED_UNIT(*)
SI_UNIT($,.METRE.)
);
#3538=(
NAMED_UNIT(*)
PLANE_ANGLE_UNIT()
SI_UNIT($,.RADIAN.)
);
#3539=(
NAMED_UNIT(*)
SI_UNIT($,.STERADIAN.)
SOLID_ANGLE_UNIT()
);
#3540=SHAPE_DEFINITION_REPRESENTATION(#3541,#3542);
#3541=PRODUCT_DEFINITION_SHAPE('',$,#3544);
#3542=SHAPE_REPRESENTATION('',(#1272),#3534);
#3543=PRODUCT_DEFINITION_CONTEXT('part definition',#3548,'design');
#3544=PRODUCT_DEFINITION('2026-02-23-22-28-18-651','PCB_TOP',#3545,#3543);
#3545=PRODUCT_DEFINITION_FORMATION('',$,#3550);
#3546=PRODUCT_RELATED_PRODUCT_CATEGORY('PCB_TOP','PCB_TOP',(#3550));
#3547=APPLICATION_PROTOCOL_DEFINITION('international standard',
'automotive_design',2009,#3548);
#3548=APPLICATION_CONTEXT(
'Core Data for Automotive Mechanical Design Process');
#3549=PRODUCT_CONTEXT('part definition',#3548,'mechanical');
#3550=PRODUCT('2026-02-23-22-28-18-651','PCB_TOP',$,(#3549));
#3551=PRESENTATION_STYLE_ASSIGNMENT((#3552));
#3552=SURFACE_STYLE_USAGE(.BOTH.,#3553);
#3553=SURFACE_SIDE_STYLE('',(#3554));
#3554=SURFACE_STYLE_FILL_AREA(#3555);
#3555=FILL_AREA_STYLE('Steel - Satin',(#3556));
#3556=FILL_AREA_STYLE_COLOUR('Steel - Satin',#3557);
#3557=COLOUR_RGB('Steel - Satin',0.627450980392157,0.627450980392157,0.627450980392157);
ENDSEC;
END-ISO-10303-21;
